x_c,y_c,z_c,theta_neck_pan_cmd_tminus1,theta_lower_tilt_cmd_tminus1,theta_upper_tilt_cmd_tminus1,theta_right_pan_cmd_tminus1,theta_tilt_cmd_tminus1
-0.44563436996496975,-0.28519580963633323,1.0067140603402707,0.0,0.0,0.0,-14,15
-0.3586250537882085,-0.28792268904149354,1.006839491473772,0.0,0.0,0.0,-12,15
-0.28739494008500377,-0.289233937265228,1.0069298309125532,0.0,0.0,0.0,-10,15
-0.2318812144736342,-0.2913606996879778,1.007015044530904,0.0,0.0,0.0,-8,15
-0.17268837889634459,-0.29279712033054744,1.0070947646691601,0.0,0.0,0.0,-6,15
-0.11395996796753727,-0.29395055532395736,1.007170217807359,0.0,0.0,0.0,-4,15
-0.06388063675944133,-0.2958292980589009,1.007246555893409,0.0,0.0,0.0,-2,15
-0.012912990648138112,-0.2971584558135626,1.0073164359383509,0.0,0.0,0.0,0,15
0.05047938756487058,-0.2978716383508708,1.0073907533770254,0.0,0.0,0.0,2,15
0.10568455281597045,-0.2991380379375803,1.0074641212388578,0.0,0.0,0.0,4,15
0.1637065399657871,-0.30054727409261933,1.0075422809547638,0.0,0.0,0.0,6,15
0.2222498507465358,-0.3010209041864615,1.0076084342879716,0.0,0.0,0.0,8,15
0.2789113101565437,-0.3020966673635989,1.007680734947957,0.0,0.0,0.0,10,15
0.33233173936697025,-0.30257710166837526,1.0077417461171936,0.0,0.0,0.0,12,15
0.39890653687035815,-0.30430048699558937,1.0078328532925072,0.0,0.0,0.0,14,15
-0.4454766910290838,-0.2851726115217809,1.0067139105194267,0.0,0.0,0.0,-14,15
-0.35812738716144843,-0.28786624705222963,1.006839243439422,0.0,0.0,0.0,-12,15
-0.28880158315780646,-0.2892147747916819,1.0069281371214298,0.0,0.0,0.0,-10,15
-0.22855832959738953,-0.29133889269495283,1.0070181468156663,0.0,0.0,0.0,-8,15
-0.17265269225129642,-0.2927840968205197,1.0070946265849,0.0,0.0,0.0,-6,15
-0.11198454068544994,-0.29403370567991527,1.0071733502107967,0.0,0.0,0.0,-4,15
-0.06285065055914785,-0.29590038905694976,1.0072485608489028,0.0,0.0,0.0,-2,15
-0.012991447088492203,-0.2971927230821758,1.0073168150383616,0.0,0.0,0.0,0,15
0.051182511803380626,-0.2979741775730394,1.0073928458895784,0.0,0.0,0.0,2,15
0.1057037261949294,-0.2991154007481907,1.0074638374431535,0.0,0.0,0.0,4,15
0.16375675695518455,-0.3004531310544235,1.007541070554089,0.0,0.0,0.0,6,15
0.22156172858100853,-0.30104145024718304,1.0076080066841697,0.0,0.0,0.0,8,15
0.2782623603199177,-0.30212899044132135,1.007680505196241,0.0,0.0,0.0,10,15
0.3319729611021107,-0.3025837720334493,1.007741468997992,0.0,0.0,0.0,12,15
0.3997978040854364,-0.30401826265250775,1.0078299814220486,0.0,0.0,0.0,14,15
-0.4466233927419675,-0.285178838138767,1.0067128225385515,0.0,0.0,0.0,-14,15
-0.3566933136021845,-0.28791680338398207,1.0068413859915648,0.0,0.0,0.0,-12,15
-0.28808302188335955,-0.28917854015439315,1.006928385563179,0.0,0.0,0.0,-10,15
-0.23025246377011943,-0.2913497798246034,1.0070165620572233,0.0,0.0,0.0,-8,15
-0.17254261349598887,-0.29319904084463627,1.0071003000977192,0.0,0.0,0.0,-6,15
-0.11367763247900986,-0.29403274064595974,1.0071716076750727,0.0,0.0,0.0,-4,15
-0.062220500957164915,-0.29592173271555655,1.007249490634041,0.0,0.0,0.0,-2,15
-0.012303893895790119,-0.2971738925546769,1.0073172650524167,0.0,0.0,0.0,0,15
0.05144439958040703,-0.29784209911050474,1.007391343315484,0.0,0.0,0.0,2,15
0.10468325890077868,-0.29911710461424346,1.0074628178051779,0.0,0.0,0.0,4,15
0.16404600218681664,-0.30058546980670287,1.0075431396344623,0.0,0.0,0.0,6,15
0.2223652842784516,-0.29934228805756125,1.0075860554764304,0.0,0.0,0.0,8,15
0.27916205405901096,-0.3021621547544314,1.0076818687579423,0.0,0.0,0.0,10,15
0.33214718000126964,-0.30270362532651673,1.0077432532420167,0.0,0.0,0.0,12,15
0.3986994862811182,-0.30426634811214487,1.0078321842492775,0.0,0.0,0.0,14,15
-0.44539040971742405,-0.28518448552497677,1.0067141577961791,0.0,0.0,0.0,-14,15
-0.3584361213726174,-0.28775791315720095,1.0068374761617669,0.0,0.0,0.0,-12,15
-0.2862655456730342,-0.28925202710452796,1.0069312271009072,0.0,0.0,0.0,-10,15
-0.23060778698350137,-0.29126653485412385,1.0070150834264855,0.0,0.0,0.0,-8,15
-0.17277585354834257,-0.2931912087047352,1.0070999568620036,0.0,0.0,0.0,-6,15
-0.11191486382305849,-0.29400558801449095,1.007173044558574,0.0,0.0,0.0,-4,15
-0.06408794132981199,-0.29584787882869323,1.007246593137032,0.0,0.0,0.0,-2,15
-0.013018111249403663,-0.2971371701049574,1.0073160432808173,0.0,0.0,0.0,0,15
0.050863707730958385,-0.2979168168173225,1.0073917514645245,0.0,0.0,0.0,2,15
0.10643209524624875,-0.29922527570442486,1.0074660540580724,0.0,0.0,0.0,4,15
0.16628324951802198,-0.30067297395779496,1.0075465978533118,0.0,0.0,0.0,6,15
0.2240437322249531,-0.29946947459894924,1.0075894746672212,0.0,0.0,0.0,8,15
0.27974833962590306,-0.3022121416820565,1.0076831376088848,0.0,0.0,0.0,10,15
0.333667987847752,-0.30269597197466225,1.0077447042753847,0.0,0.0,0.0,12,15
0.4002445664006149,-0.3042166754145673,1.0078330969370428,0.0,0.0,0.0,14,15
-0.4441105209916324,-0.28515901201405996,1.0067151238902052,0.0,0.0,0.0,-14,15
-0.3570303701533293,-0.2879753167028856,1.0068418258593201,0.0,0.0,0.0,-12,15
-0.2869167068295111,-0.2891043946409717,1.0069285833344934,0.0,0.0,0.0,-10,15
-0.23129106576993208,-0.2912625248955799,1.0070143316718934,0.0,0.0,0.0,-8,15
-0.17313786264619602,-0.29321559443174644,1.0070999138627448,0.0,0.0,0.0,-6,15
-0.11251236655397734,-0.2939182792815862,1.007171264063498,0.0,0.0,0.0,-4,15
-0.0634652508215775,-0.295879428720745,1.0072476520856855,0.0,0.0,0.0,-2,15
-0.012469971828433013,-0.29719320015906864,1.0073173541527098,0.0,0.0,0.0,0,15
0.05042832964581412,-0.29796931264572757,1.0073920102443719,0.0,0.0,0.0,2,15
0.10615233597389806,-0.2991354154110835,1.007464563962525,0.0,0.0,0.0,4,15
0.1639743195236174,-0.3003803228987015,1.007540317036799,0.0,0.0,0.0,6,15
0.2204884616903482,-0.3010712652663431,1.0076073098523537,0.0,0.0,0.0,8,15
0.2782787262328448,-0.30203275701112337,1.0076792321991748,0.0,0.0,0.0,10,15
0.333666264367378,-0.30273583294362594,1.0077452367295676,0.0,0.0,0.0,12,15
0.3990757996378993,-0.304437071264673,1.0078348567012771,0.0,0.0,0.0,14,15
-0.44339017806037084,-0.25545661877423576,1.0063177896910656,0.0,0.0,0.0,-14,10
-0.35807234015613587,-0.25824211774320593,1.0064422784871327,0.0,0.0,0.0,-12,10
-0.2864745672107417,-0.25958291380545917,1.0065333895122657,0.0,0.0,0.0,-10,10
-0.22859529711788895,-0.2616845637114655,1.0066206831299933,0.0,0.0,0.0,-8,10
-0.17080486998833344,-0.2633304912456102,1.0067017784191346,0.0,0.0,0.0,-6,10
-0.11019934188391833,-0.26454940539265925,1.00678002670204,0.0,0.0,0.0,-4,10
-0.062094536760317065,-0.26606686474356206,1.006849505779535,0.0,0.0,0.0,-2,10
-0.012043943929039624,-0.2674984308327377,1.0069198214671267,0.0,0.0,0.0,0,10
0.051912166971128215,-0.26826142135681025,1.0069953823193667,0.0,0.0,0.0,2,10
0.10494097528750501,-0.2693605169094507,1.0070642846915392,0.0,0.0,0.0,4,10
0.16551538283240386,-0.27088957432567595,1.0071466577082797,0.0,0.0,0.0,6,10
0.22227751996257972,-0.27158274824946926,1.007213933773883,0.0,0.0,0.0,8,10
0.2799481309708174,-0.2725732812268326,1.0072861230961392,0.0,0.0,0.0,10,10
0.3329574272764382,-0.2734904257453157,1.0073525670363415,0.0,0.0,0.0,12,10
0.40102091637369974,-0.27508440902462944,1.007443460765908,0.0,0.0,0.0,14,10
-0.44388316071675915,-0.2553979535729378,1.0063164998492442,0.0,0.0,0.0,-14,10
-0.35676410465407926,-0.25827172070945326,1.006444011671572,0.0,0.0,0.0,-12,10
-0.28802716525984484,-0.25950987627866395,1.0065308245878006,0.0,0.0,0.0,-10,10
-0.22955475932094882,-0.261543524112316,1.0066178127714491,0.0,0.0,0.0,-8,10
-0.17112051577396659,-0.2632830053084861,1.006700819562328,0.0,0.0,0.0,-6,10
-0.1097862360112224,-0.26455382072285694,1.0067805078903602,0.0,0.0,0.0,-4,10
-0.062049539700035905,-0.26599767132092267,1.0068486244199395,0.0,0.0,0.0,-2,10
-0.012186251269025283,-0.2673635730557969,1.00691786873343,0.0,0.0,0.0,0,10
0.05162653665033812,-0.2682502011913339,1.006994940157456,0.0,0.0,0.0,2,10
0.1065491563268226,-0.26925753735312613,1.0070645474249498,0.0,0.0,0.0,4,10
0.1645749737188167,-0.27088936278886255,1.0071456941847559,0.0,0.0,0.0,6,10
0.2231208545665111,-0.2717573123265089,1.0072171347940748,0.0,0.0,0.0,8,10
0.28010789883538645,-0.2725084197416484,1.0072854170387386,0.0,0.0,0.0,10,10
0.3343495962057601,-0.27348229736544044,1.0073538802904614,0.0,0.0,0.0,12,10
0.4020855556079219,-0.27516383165277686,1.0074456127818232,0.0,0.0,0.0,14,10
-0.4456845205246358,-0.25516954947046044,1.006311598583077,0.0,0.0,0.0,-14,10
-0.3570073913259244,-0.258259553663031,1.006443600076374,0.0,0.0,0.0,-12,10
-0.2865298963895885,-0.25967495706032195,1.0065345665493122,0.0,0.0,0.0,-10,10
-0.22938702649244447,-0.26165211939284627,1.0066194395101806,0.0,0.0,0.0,-8,10
-0.1681849767850362,-0.26289446108052855,1.0066986111531449,0.0,0.0,0.0,-6,10
-0.11035745031672983,-0.2645188149322485,1.0067794552121756,0.0,0.0,0.0,-4,10
-0.06078122819785081,-0.26609361651680813,1.0068512059348782,0.0,0.0,0.0,-2,10
-0.012135977679460841,-0.26734661845312485,1.0069176928663548,0.0,0.0,0.0,0,10
0.05098361692226794,-0.26816521250878395,1.0069931443591962,0.0,0.0,0.0,2,10
0.10688467043890948,-0.2693553573075734,1.007066201152663,0.0,0.0,0.0,4,10
0.16466238311109893,-0.2708864596635508,1.0071457445715348,0.0,0.0,0.0,6,10
0.22193108618164437,-0.27165099991287955,1.0072144945750285,0.0,0.0,0.0,8,10
0.279371998522046,-0.27247205355174503,1.0072841778911759,0.0,0.0,0.0,10,10
0.3338850464555916,-0.2735173807606217,1.0073538759089624,0.0,0.0,0.0,12,10
0.39987903616434606,-0.2749974926917747,1.0074411294130805,0.0,0.0,0.0,14,10
-0.4446141503587454,-0.2552928572703559,1.0063143446005143,0.0,0.0,0.0,-14,10
-0.3559219318468331,-0.2582206116887609,1.006444187044682,0.0,0.0,0.0,-12,10
-0.28641855282290174,-0.25966058968523864,1.0065344877430569,0.0,0.0,0.0,-10,10
-0.22920595112657682,-0.26163554188591515,1.0066194023193695,0.0,0.0,0.0,-8,10
-0.17016339868050667,-0.2632251669085101,1.0067010221716102,0.0,0.0,0.0,-6,10
-0.11001219200967938,-0.2646363899121157,1.0067813836501327,0.0,0.0,0.0,-4,10
-0.06284897874970685,-0.2660284785882926,1.0068482206189746,0.0,0.0,0.0,-2,10
-0.011737809832526258,-0.26733311282266853,1.0069179186186483,0.0,0.0,0.0,0,10
0.05035578293558163,-0.26817217002080873,1.0069925962305644,0.0,0.0,0.0,2,10
0.10652083980188531,-0.26938848300826707,1.0070662734253002,0.0,0.0,0.0,4,10
0.16492689923318515,-0.27083957062257663,1.0071453863870814,0.0,0.0,0.0,6,10
0.2224203602966448,-0.27172611719480994,1.007216001118346,0.0,0.0,0.0,8,10
0.28034332770919557,-0.27267779538279935,1.007287927508875,0.0,0.0,0.0,10,10
0.3341560289767256,-0.27346036492436127,1.007353388611519,0.0,0.0,0.0,12,10
0.39878634618124065,-0.2750675709763247,1.007440952345711,0.0,0.0,0.0,14,10
-0.44273076100513553,-0.25531512983027654,1.0063165670999201,0.0,0.0,0.0,-14,10
-0.3562514744501475,-0.2582983144785421,1.0064448917648048,0.0,0.0,0.0,-12,10
-0.2869178248403058,-0.2595196674593501,1.0065320890714768,0.0,0.0,0.0,-10,10
-0.22972604360492466,-0.26161609884521325,1.0066186104366674,0.0,0.0,0.0,-8,10
-0.16971942622759295,-0.2626763563466419,1.0066941205847708,0.0,0.0,0.0,-6,10
-0.11021904318244402,-0.26448393922510743,1.0067791292013981,0.0,0.0,0.0,-4,10
-0.06093071292629082,-0.26604079279821136,1.0068503452856041,0.0,0.0,0.0,-2,10
-0.012335628067958182,-0.26736201671214055,1.0069176952773582,0.0,0.0,0.0,0,10
0.05064081580827384,-0.26825449591457723,1.0069939907377665,0.0,0.0,0.0,2,10
0.10629284590558186,-0.2693238476914859,1.0070651742753687,0.0,0.0,0.0,4,10
0.16490732665794083,-0.2708922822904419,1.0071460728317256,0.0,0.0,0.0,6,10
0.22269377497376164,-0.27174395087662123,1.0072165194352238,0.0,0.0,0.0,8,10
0.28073715459768334,-0.2727111003207275,1.0072887761796336,0.0,0.0,0.0,10,10
0.33409827444755447,-0.27339470337926397,1.007352449618609,0.0,0.0,0.0,12,10
0.4014703022728512,-0.2751214634918989,1.007444416444792,0.0,0.0,0.0,14,10
-0.44405025752709626,-0.22314239745714987,1.0058840417045487,0.0,0.0,0.0,-14,5
-0.3572684208855401,-0.22586100862090924,1.006009129642462,0.0,0.0,0.0,-12,5
-0.28707081267390977,-0.22770440364794553,1.0061055461167456,0.0,0.0,0.0,-10,5
-0.2276796100256845,-0.22967123519083593,1.0061925774416647,0.0,0.0,0.0,-8,5
-0.16760355691698703,-0.23127196522603452,1.0062754019102957,0.0,0.0,0.0,-6,5
-0.10949027136894052,-0.23314055605100226,1.0063598111430605,0.0,0.0,0.0,-4,5
-0.060578235431321126,-0.23441268943845092,1.0064268270118444,0.0,0.0,0.0,-2,5
-0.010546306764107727,-0.23583265737504996,1.0064969681948945,0.0,0.0,0.0,0,5
0.05203412604635149,-0.2364490400761925,1.0065691588721646,0.0,0.0,0.0,2,5
0.10780578992175616,-0.2376197465046639,1.00664182297365,0.0,0.0,0.0,4,5
0.16510631036637102,-0.23922781286013767,1.006721910377805,0.0,0.0,0.0,6,5
0.22289441512015662,-0.23992767912364835,1.0067903242258796,0.0,0.0,0.0,8,5
0.28084738092217965,-0.24117448865754676,1.0068662365981005,0.0,0.0,0.0,10,5
0.3363497700171487,-0.2423949377213458,1.0069392922665004,0.0,0.0,0.0,12,5
0.4018702403488641,-0.2439597741388325,1.0070271975136342,0.0,0.0,0.0,14,5
-0.44253039513840053,-0.22322049727208476,1.0058866410319744,0.0,0.0,0.0,-14,5
-0.3550242655995326,-0.2260155660118231,1.006013493562596,0.0,0.0,0.0,-12,5
-0.2861427773010252,-0.22792228545343518,1.006109414206389,0.0,0.0,0.0,-10,5
-0.22724243552997514,-0.23002652190573217,1.006197785579414,0.0,0.0,0.0,-8,5
-0.16872348599159093,-0.23165257205463263,1.006279358705367,0.0,0.0,0.0,-6,5
-0.11005098439624328,-0.23297085801599846,1.00635696405349,0.0,0.0,0.0,-4,5
-0.05928016303053385,-0.2344893006637439,1.006429179816495,0.0,0.0,0.0,-2,5
-0.010650462506980318,-0.2356513678974119,1.006494432160046,0.0,0.0,0.0,0,5
0.05189300491571891,-0.23635319479245542,1.0065677301938543,0.0,0.0,0.0,2,5
0.10996202523592902,-0.2376386840626133,1.0066442795072497,0.0,0.0,0.0,4,5
0.16645727853630699,-0.2393481229209015,1.0067249028686287,0.0,0.0,0.0,6,5
0.22510632865676827,-0.240099981798041,1.006794893030442,0.0,0.0,0.0,8,5
0.28113705196104855,-0.2411146069322694,1.0068657299836727,0.0,0.0,0.0,10,5
0.33534757810132354,-0.24232762080814063,1.0069373662847672,0.0,0.0,0.0,12,5
0.403428638720398,-0.24411713116143213,1.007030898409416,0.0,0.0,0.0,14,5
-0.44291758848622464,-0.2231431790909075,1.0058852092743915,0.0,0.0,0.0,-14,5
-0.35467283868277777,-0.22603029602424168,1.006014049978773,0.0,0.0,0.0,-12,5
-0.28436287351249434,-0.22760235727852698,1.006106944830483,0.0,0.0,0.0,-10,5
-0.22789831580891284,-0.22996672930098833,1.0061963142177648,0.0,0.0,0.0,-8,5
-0.16851192695671768,-0.23167100246318434,1.0062798218300235,0.0,0.0,0.0,-6,5
-0.11045424001130666,-0.23303208156201127,1.0063573726169712,0.0,0.0,0.0,-4,5
-0.06090251617345144,-0.23452605515434705,1.0064280150601541,0.0,0.0,0.0,-2,5
-0.010400475230221251,-0.23578160132782902,1.006496432920464,0.0,0.0,0.0,0,5
0.05254573298385101,-0.2363999396850849,1.0065690234704934,0.0,0.0,0.0,2,5
0.10789960192928838,-0.23751882897678966,1.0066405663167042,0.0,0.0,0.0,4,5
0.1665401970101843,-0.23936735813217414,1.0067252453645896,0.0,0.0,0.0,6,5
0.22500896053412678,-0.2402941050071375,1.006797395192739,0.0,0.0,0.0,8,5
0.27975833953682705,-0.24121290125552902,1.0068656388759682,0.0,0.0,0.0,10,5
0.3347006725587576,-0.24227577831584807,1.0069360106384222,0.0,0.0,0.0,12,5
0.4026029052038991,-0.24398724766345453,1.0070283141768865,0.0,0.0,0.0,14,5
-0.44232683510621373,-0.22340111256657932,1.0058892695793402,0.0,0.0,0.0,-14,5
-0.3569709879303742,-0.22594856419749787,1.0060106069051105,0.0,0.0,0.0,-12,5
-0.2855646228629285,-0.22763464880717912,1.0061061499356172,0.0,0.0,0.0,-10,5
-0.22720246029997526,-0.22975358560364467,1.0061941685372167,0.0,0.0,0.0,-8,5
-0.1676733896720345,-0.23135423774968594,1.0062764331841245,0.0,0.0,0.0,-6,5
-0.10907085604107314,-0.23296295877039927,1.0063578594524547,0.0,0.0,0.0,-4,5
-0.06090236783969327,-0.23443401445806533,1.0064267816866082,0.0,0.0,0.0,-2,5
-0.009942181692257246,-0.2357237084537113,1.006496125219276,0.0,0.0,0.0,0,5
0.05309911958635283,-0.23638984653839673,1.006569453522696,0.0,0.0,0.0,2,5
0.10921678147972869,-0.23763225044917657,1.0066434319697384,0.0,0.0,0.0,4,5
0.16579885377523085,-0.23932403351588294,1.006723907400229,0.0,0.0,0.0,6,5
0.22528498459050383,-0.24039200928510912,1.0067989892776261,0.0,0.0,0.0,8,5
0.28160243970912036,-0.24121878942100894,1.00686760165606,0.0,0.0,0.0,10,5
0.33548886184881654,-0.2422958855728965,1.006937085301092,0.0,0.0,0.0,12,5
0.40151460411383666,-0.24394923023795403,1.0070266928994367,0.0,0.0,0.0,14,5
-0.43983868698210105,-0.22313655251330242,1.0058882657616273,0.0,0.0,0.0,-14,5
-0.35576864204784764,-0.22595473878858766,1.0060119179304978,0.0,0.0,0.0,-12,5
-0.2861743356077946,-0.2278634130953732,1.0061085929629738,0.0,0.0,0.0,-10,5
-0.2292365361406793,-0.22958317015100058,1.0061898066977788,0.0,0.0,0.0,-8,5
-0.1689587019354979,-0.23164703316572133,1.0062790441851925,0.0,0.0,0.0,-6,5
-0.10937625036192056,-0.23307749206081882,1.0063590824422401,0.0,0.0,0.0,-4,5
-0.05980653785161005,-0.2345315833995277,1.0064292087619255,0.0,0.0,0.0,-2,5
-0.010501389858182608,-0.23568216327379873,1.0064949971655488,0.0,0.0,0.0,0,5
0.05303119017132363,-0.23643931207100508,1.00657004706316,0.0,0.0,0.0,2,5
0.10929180713882891,-0.23755481804575967,1.0066424708678592,0.0,0.0,0.0,4,5
0.16731801084144937,-0.23936086682428953,1.0067259529553447,0.0,0.0,0.0,6,5
0.22463175490747034,-0.24019614772894796,1.0067956970340504,0.0,0.0,0.0,8,5
0.2814286779544599,-0.24113754424654424,1.006866335303226,0.0,0.0,0.0,10,5
0.33539809523277664,-0.24231464905721664,1.0069372440444775,0.0,0.0,0.0,12,5
0.4031259179205886,-0.2440553269689969,1.0070297608637315,0.0,0.0,0.0,14,5
-0.4400176058997539,-0.190632185236831,1.0054524609844255,0.0,0.0,0.0,-14,0
-0.35574407620380577,-0.19364651708010056,1.0055789497597623,0.0,0.0,0.0,-12,0
-0.28454045052673127,-0.1956407370057835,1.005678415293914,0.0,0.0,0.0,-10,0
-0.22763785575986806,-0.19743803873304144,1.0057606323148873,0.0,0.0,0.0,-8,0
-0.1668617432539472,-0.1987814667806689,1.0058407235901863,0.0,0.0,0.0,-6,0
-0.10841430689354292,-0.19988903727918939,1.0059152750209535,0.0,0.0,0.0,-4,0
-0.06022978341612217,-0.2013301718989044,1.005983812635431,0.0,0.0,0.0,-2,0
-0.00945308326231109,-0.20272720959134743,1.0060544073405016,0.0,0.0,0.0,0,0
0.054348855183375955,-0.20366805752266104,1.0061321943322417,0.0,0.0,0.0,2,0
0.11004847739862189,-0.20495143988191114,1.006206294916048,0.0,0.0,0.0,4,0
0.16814435876864153,-0.20697214142762427,1.0062927249500415,0.0,0.0,0.0,6,0
0.2254294342638663,-0.20806437662080407,1.0063658834312323,0.0,0.0,0.0,8,0
0.28190831079419354,-0.2093905063450554,1.0064413529717167,0.0,0.0,0.0,10,0
0.3373344897628945,-0.21034127320718363,1.0065107165183902,0.0,0.0,0.0,12,0
0.40310316185570816,-0.21182126989681688,1.0065977383015805,0.0,0.0,0.0,14,0
-0.43984577135646663,-0.19066392442769262,1.0054530618916275,0.0,0.0,0.0,-14,0
-0.35527886007481135,-0.1935821836839533,1.005578562814874,0.0,0.0,0.0,-12,0
-0.28333544066480876,-0.19553558290614764,1.0056782370188562,0.0,0.0,0.0,-10,0
-0.22748626884634116,-0.19754231171416275,1.005762184632273,0.0,0.0,0.0,-8,0
-0.16686047005626126,-0.1987341724367231,1.0058400910542689,0.0,0.0,0.0,-6,0
-0.10846473432874693,-0.1999595275623635,1.0059161682135351,0.0,0.0,0.0,-4,0
-0.06011036900361433,-0.20143322588033638,1.0059853157495569,0.0,0.0,0.0,-2,0
-0.009140612026223627,-0.20279046988005514,1.0060555743614188,0.0,0.0,0.0,0,0
0.05412703595129975,-0.20369117163744258,1.0061322775038783,0.0,0.0,0.0,2,0
0.11055110806307034,-0.20499026082713015,1.0062073286621458,0.0,0.0,0.0,4,0
0.16639995654279582,-0.20684151202553386,1.0062891922416466,0.0,0.0,0.0,6,0
0.22482287215181218,-0.20810091611912526,1.0063657534895794,0.0,0.0,0.0,8,0
0.282505567491278,-0.20919868760238178,1.006439392362166,0.0,0.0,0.0,10,0
0.3363406367292874,-0.21016276486244595,1.0065073088730316,0.0,0.0,0.0,12,0
0.4033915077248351,-0.21198284004407325,1.0066001982209765,0.0,0.0,0.0,14,0
-0.43978843810823764,-0.1907564179098064,1.0054543600545287,0.0,0.0,0.0,-14,0
-0.35446062058865824,-0.19344303584499864,1.0055775338464563,0.0,0.0,0.0,-12,0
-0.2864455195301757,-0.1953540910687669,1.0056726275277952,0.0,0.0,0.0,-10,0
-0.22650398765160507,-0.19763614140957372,1.0057644455969807,0.0,0.0,0.0,-8,0
-0.16709078959346602,-0.19865010317236956,1.0058387290756947,0.0,0.0,0.0,-6,0
-0.10778709537774922,-0.2000120703785585,1.0059175646417453,0.0,0.0,0.0,-4,0
-0.05873399880719821,-0.2015561849977726,1.0059883696927208,0.0,0.0,0.0,-2,0
-0.010655060639112812,-0.20259930207235916,1.0060514652325978,0.0,0.0,0.0,0,0
0.054158832714014116,-0.20350937933273525,1.0061298736144115,0.0,0.0,0.0,2,0
0.11081343065613214,-0.20482601800721004,1.0062053954670405,0.0,0.0,0.0,4,0
0.16709517970754417,-0.20684484734748243,1.0062899471567432,0.0,0.0,0.0,6,0
0.22538109678900775,-0.20825296386868913,1.0063683614888044,0.0,0.0,0.0,8,0
0.2820443120146241,-0.20935971216850213,1.006441079203624,0.0,0.0,0.0,10,0
0.3353820280703237,-0.2103285264568183,1.0065085511215899,0.0,0.0,0.0,12,0
0.4038403769036263,-0.2118740610647104,1.0065991989190113,0.0,0.0,0.0,14,0
-0.43984583911891917,-0.19064447427180098,1.0054528011523303,0.0,0.0,0.0,-14,0
-0.35495845443088525,-0.19354899021551064,1.0055784452725873,0.0,0.0,0.0,-12,0
-0.28806789197357896,-0.19509364344523986,1.0056674796629956,0.0,0.0,0.0,-10,0
-0.22630594153578454,-0.19747181483680956,1.0057624456168595,0.0,0.0,0.0,-8,0
-0.16687190480620107,-0.1987607204801637,1.0058404351685633,0.0,0.0,0.0,-6,0
-0.10863982093104996,-0.20001428896421236,1.0059167232610164,0.0,0.0,0.0,-4,0
-0.058824286735632225,-0.20155409391432869,1.005988249433181,0.0,0.0,0.0,-2,0
-0.009674663049182963,-0.20254906974528256,1.0060517935606383,0.0,0.0,0.0,0,0
0.05436409788490737,-0.20357894534278245,1.0061310156264043,0.0,0.0,0.0,2,0
0.10981490436931929,-0.20490278820902252,1.0062054042787156,0.0,0.0,0.0,4,0
0.16715785426932794,-0.20686837283164833,1.0062903264702787,0.0,0.0,0.0,6,0
0.22659883174280138,-0.20825311462289467,1.0063696075039417,0.0,0.0,0.0,8,0
0.2816256449594774,-0.20947514124231922,1.0064421984832579,0.0,0.0,0.0,10,0
0.33554323980913936,-0.21031979562549352,1.0065085987995803,0.0,0.0,0.0,12,0
0.40328239035359337,-0.21197106563703938,1.0065999289505003,0.0,0.0,0.0,14,0
-0.44070891172197635,-0.19048177380592923,1.0054497389640584,0.0,0.0,0.0,-14,0
-0.3527132826672622,-0.19350222884222607,1.0055801121665187,0.0,0.0,0.0,-12,0
-0.28512865936342546,-0.19560194679700993,1.0056772945361265,0.0,0.0,0.0,-10,0
-0.22614840777962464,-0.19754624967402684,1.0057636041199285,0.0,0.0,0.0,-8,0
-0.1682702286570178,-0.19869653585281655,1.0058381464912758,0.0,0.0,0.0,-6,0
-0.10787446902167719,-0.1998952799443708,1.0059159101640365,0.0,0.0,0.0,-4,0
-0.059815027515934927,-0.20137885520524157,1.0059848887866931,0.0,0.0,0.0,-2,0
-0.00931005565840659,-0.20282699261184262,1.00605589073976,0.0,0.0,0.0,0,0
0.053453014547727884,-0.20331871298086607,1.006126597274194,0.0,0.0,0.0,2,0
0.10911799044120607,-0.20464493145754994,1.006201236552179,0.0,0.0,0.0,4,0
0.1672998516855937,-0.206696471240465,1.0062881677127589,0.0,0.0,0.0,6,0
0.22478778031457325,-0.20828334527826908,1.0063681625480083,0.0,0.0,0.0,8,0
0.2820758159874819,-0.20950589508435336,1.0064430705235188,0.0,0.0,0.0,10,0
0.3352739704694436,-0.2104728489995114,1.0065103749377091,0.0,0.0,0.0,12,0
0.40373474739654647,-0.2118453558883816,1.0065987063062403,0.0,0.0,0.0,14,0
-0.4400924602772127,-0.15484532497245224,1.0049727706993674,0.0,0.0,0.0,-14,-5
-0.3527467541258362,-0.15816983520822891,1.0051065548971645,0.0,0.0,0.0,-12,-5
-0.2838064593080354,-0.16053765362118658,1.0052087152423135,0.0,0.0,0.0,-10,-5
-0.22365934034054014,-0.16212701931153303,1.0052914600048848,0.0,0.0,0.0,-8,-5
-0.16468741326629344,-0.1642710715827944,1.0053804381166416,0.0,0.0,0.0,-6,-5
-0.1082579432613251,-0.16604146089592237,1.0054618111312712,0.0,0.0,0.0,-4,-5
-0.05859760962881422,-0.16752887019362475,1.0055324765519915,0.0,0.0,0.0,-2,-5
-0.008931053710620196,-0.16843598167205048,1.0055953712051229,0.0,0.0,0.0,0,-5
0.05453506852298906,-0.16936669813234448,1.0056726793574617,0.0,0.0,0.0,2,-5
0.1101561645799467,-0.17082065623360493,1.0057489857698008,0.0,0.0,0.0,4,-5
0.16935540426295193,-0.1730302852068968,1.0058390749519106,0.0,0.0,0.0,6,-5
0.22637820175436096,-0.17410460451366558,1.005911725391351,0.0,0.0,0.0,8,-5
0.2839247724263467,-0.17554288002628768,1.0059897886227882,0.0,0.0,0.0,10,-5
0.3377236957413312,-0.1769174246091478,1.0060631692720001,0.0,0.0,0.0,12,-5
0.4054963740311994,-0.17861539896510767,1.006155159603098,0.0,0.0,0.0,14,-5
-0.43940919167830395,-0.15472165380337696,1.0049718112670911,0.0,0.0,0.0,-14,-5
-0.3536557460522497,-0.15801453715337,1.0051035450061083,0.0,0.0,0.0,-12,-5
-0.28348748510944255,-0.16019999685555422,1.0052045158349379,0.0,0.0,0.0,-10,-5
-0.22471978833084294,-0.16216597312101305,1.0052908987460392,0.0,0.0,0.0,-8,-5
-0.16567685552554867,-0.16405294057519412,1.0053765039561111,0.0,0.0,0.0,-6,-5
-0.10584869239998973,-0.16601779262448815,1.005463955135239,0.0,0.0,0.0,-4,-5
-0.05865413939121944,-0.16757156115096192,1.0055329909453963,0.0,0.0,0.0,-2,-5
-0.008457690741035861,-0.16818252168486103,1.0055924579170878,0.0,0.0,0.0,0,-5
0.05642821469171233,-0.16953242478692557,1.005676834389106,0.0,0.0,0.0,2,-5
0.11189584784810536,-0.17111098094342628,1.005754653886472,0.0,0.0,0.0,4,-5
0.16864551656391735,-0.17307630954753112,1.0058389665719214,0.0,0.0,0.0,6,-5
0.22692098804424288,-0.17399322987656515,1.005910787244885,0.0,0.0,0.0,8,-5
0.28368811411591044,-0.17533760917737692,1.0059867958308186,0.0,0.0,0.0,10,-5
0.337351493051006,-0.17641765634407225,1.0060560911722036,0.0,0.0,0.0,12,-5
0.40430397928471384,-0.17846479794239914,1.0061519231472,0.0,0.0,0.0,14,-5
-0.4405301405262577,-0.15469806302641112,1.0049703499831173,0.0,0.0,0.0,-14,-5
-0.35320655187385286,-0.15813170170222712,1.0051055741206794,0.0,0.0,0.0,-12,-5
-0.28504670061568405,-0.16018729021769007,1.005202752702047,0.0,0.0,0.0,-10,-5
-0.22584453123191328,-0.16220656386324414,1.0052902937438943,0.0,0.0,0.0,-8,-5
-0.16376588139846193,-0.16399516572954637,1.0053776818435798,0.0,0.0,0.0,-6,-5
-0.10664616137093819,-0.1660470050323364,1.0054635319726042,0.0,0.0,0.0,-4,-5
-0.058823570633197764,-0.1674226335124125,1.0055308219392625,0.0,0.0,0.0,-2,-5
-0.008185316056359415,-0.16833757167416852,1.0055948141380395,0.0,0.0,0.0,0,-5
0.055603321412278195,-0.1693766107511499,1.0056739034950861,0.0,0.0,0.0,2,-5
0.11085797995801916,-0.17095546363043873,1.0057515094018261,0.0,0.0,0.0,4,-5
0.16861777130397537,-0.17299632153641872,1.0058378662327911,0.0,0.0,0.0,6,-5
0.22673826785829498,-0.17374324310099137,1.0059072502734414,0.0,0.0,0.0,8,-5
0.28349426475096795,-0.17518022978871903,1.0059844886100415,0.0,0.0,0.0,10,-5
0.3364469865628168,-0.1763571424947105,1.0060543561567716,0.0,0.0,0.0,12,-5
0.40416471697460055,-0.17796723090288266,1.006145112511736,0.0,0.0,0.0,14,-5
-0.43980302929319837,-0.15453738640377457,1.0049689393935708,0.0,0.0,0.0,-14,-5
-0.35303631020496984,-0.15816076215884034,1.0051061375003874,0.0,0.0,0.0,-12,-5
-0.28333260919649617,-0.16004600609876923,1.0052026102737919,0.0,0.0,0.0,-10,-5
-0.22475769320892225,-0.16212700290202867,1.0052903377467233,0.0,0.0,0.0,-8,-5
-0.16507088952171545,-0.16413920504570592,1.0053782791018104,0.0,0.0,0.0,-6,-5
-0.10533959643599877,-0.16601591444840724,1.0054644500383492,0.0,0.0,0.0,-4,-5
-0.05720497604134345,-0.1675535334948237,1.0055342297533556,0.0,0.0,0.0,-2,-5
-0.008271679157768608,-0.16825561713192352,1.0055936275616486,0.0,0.0,0.0,0,-5
0.05536666808467605,-0.16943373043740262,1.005674427253806,0.0,0.0,0.0,2,-5
0.11109653636235173,-0.1709279915280876,1.0057513849227455,0.0,0.0,0.0,4,-5
0.16766585075820095,-0.1728424821200613,1.005834832035988,0.0,0.0,0.0,6,-5
0.22701035930582036,-0.1739254790507886,1.0059099705500107,0.0,0.0,0.0,8,-5
0.2832379972700967,-0.17525340589836,1.00598520751907,0.0,0.0,0.0,10,-5
0.33844625440567966,-0.17639235848033255,1.006056870500704,0.0,0.0,0.0,12,-5
0.40620664566687226,-0.17843465110129705,1.0061534628169881,0.0,0.0,0.0,14,-5
-0.4405833110876377,-0.15468002521183796,1.0049700539240203,0.0,0.0,0.0,-14,-5
-0.3548017852693581,-0.15800243924589977,1.0051022121176012,0.0,0.0,0.0,-12,-5
-0.28311277991517403,-0.16015334771192163,1.0052042734308164,0.0,0.0,0.0,-10,-5
-0.22640877501824108,-0.16237144138593107,1.005291927013299,0.0,0.0,0.0,-8,-5
-0.16370542742858885,-0.16415313606447587,1.005379860712198,0.0,0.0,0.0,-6,-5
-0.10773228413601987,-0.1658274501830259,1.0054594799644465,0.0,0.0,0.0,-4,-5
-0.05711416434895733,-0.16746528426996665,1.0055331398113951,0.0,0.0,0.0,-2,-5
-0.009215596758382794,-0.1684172099839232,1.0055948289487806,0.0,0.0,0.0,0,-5
0.05542989968720091,-0.16939733279010177,1.0056740040494077,0.0,0.0,0.0,2,-5
0.112101434967528,-0.1710665033122752,1.0057542678198454,0.0,0.0,0.0,4,-5
0.16812547974697067,-0.17283612715233018,1.0058352164076443,0.0,0.0,0.0,6,-5
0.2264186999792912,-0.1740362884190356,1.0059108511938137,0.0,0.0,0.0,8,-5
0.28167168479351257,-0.1751588612689493,1.0059823403472563,0.0,0.0,0.0,10,-5
0.3380349997674639,-0.1765126501237361,1.0060580625205282,0.0,0.0,0.0,12,-5
0.405589666805968,-0.1780934090029244,1.006148259222781,0.0,0.0,0.0,14,-5
-0.4394646042006779,-0.12008211122488185,1.004507517140754,0.0,0.0,0.0,-14,-10
-0.35217034830926863,-0.12288684529015596,1.0046342827630275,0.0,0.0,0.0,-12,-10
-0.28107350385047514,-0.12517884157390957,1.004737629998015,0.0,0.0,0.0,-10,-10
-0.22437948894171367,-0.1261179479462291,1.0048081324474758,0.0,0.0,0.0,-8,-10
-0.16383590406573345,-0.1281398417910298,1.0048970789474876,0.0,0.0,0.0,-6,-10
-0.10542747657253382,-0.1303518892263909,1.0049863926760938,0.0,0.0,0.0,-4,-10
-0.05909835894249271,-0.13187389204929303,1.0050541186657722,0.0,0.0,0.0,-2,-10
-0.00773888685453783,-0.132844640839576,1.0051195956061343,0.0,0.0,0.0,0,-10
0.05600230564353703,-0.13424640307052624,1.0052034976937188,0.0,0.0,0.0,2,-10
0.11238472051028703,-0.13606672393766683,1.005285491818828,0.0,0.0,0.0,4,-10
0.16963901347861743,-0.1382197195969277,1.0053728351155118,0.0,0.0,0.0,6,-10
0.2293522534060457,-0.13969524425259924,1.0054536109504937,0.0,0.0,0.0,8,-10
0.2845198825363542,-0.14083788593717225,1.0055252818691813,0.0,0.0,0.0,10,-10
0.3398667705581875,-0.1424620632374706,1.005603589430032,0.0,0.0,0.0,12,-10
0.4062319375237313,-0.14398442010274368,1.0056917882802576,0.0,0.0,0.0,14,-10
-0.4400728417027968,-0.11951581381782106,1.0044993062957563,0.0,0.0,0.0,-14,-10
-0.355324083510546,-0.1224781416050551,1.004625583591719,0.0,0.0,0.0,-12,-10
-0.2828057806318741,-0.12478082686076233,1.0047305261911925,0.0,0.0,0.0,-10,-10
-0.22164897370507208,-0.12625014595411674,1.0048126935562456,0.0,0.0,0.0,-8,-10
-0.16470954356690348,-0.12815537640070712,1.00489639466254,0.0,0.0,0.0,-6,-10
-0.10601245352204292,-0.1303564601398838,1.0049858563436067,0.0,0.0,0.0,-4,-10
-0.056736434158793925,-0.13171334828240175,1.0050543799241554,0.0,0.0,0.0,-2,-10
-0.00852414871280538,-0.13266473952907837,1.0051163823816434,0.0,0.0,0.0,0,-10
0.055716749032979296,-0.13374640159942147,1.0051965049830607,0.0,0.0,0.0,2,-10
0.1122998165881064,-0.13598756185748914,1.005284344157528,0.0,0.0,0.0,4,-10
0.1701504711137154,-0.13835010346073234,1.0053751050008535,0.0,0.0,0.0,6,-10
0.2284870638883345,-0.13927334761461074,1.0054470728647609,0.0,0.0,0.0,8,-10
0.2849235725363395,-0.1407569474536873,1.0055246095307884,0.0,0.0,0.0,10,-10
0.33922817275454875,-0.1423230384594773,1.0056010738576893,0.0,0.0,0.0,12,-10
0.40643499011238604,-0.14428610056701063,1.0056960388189429,0.0,0.0,0.0,14,-10
-0.43825560736684255,-0.11953562684749057,1.0045014282510394,0.0,0.0,0.0,-14,-10
-0.3557811141923477,-0.12251952606349231,1.0046256713379866,0.0,0.0,0.0,-12,-10
-0.28261888656877854,-0.12459712567154838,1.0047282551608334,0.0,0.0,0.0,-10,-10
-0.22331991105014803,-0.12605788245197388,1.0048084098796541,0.0,0.0,0.0,-8,-10
-0.16376826638220043,-0.1280669185177689,1.0048961707294655,0.0,0.0,0.0,-6,-10
-0.10703472304449313,-0.1299485255350744,1.004979344909037,0.0,0.0,0.0,-4,-10
-0.05652657621233537,-0.13195786446482652,1.005057871301938,0.0,0.0,0.0,-2,-10
-0.007140605227270447,-0.13234097029148134,1.0051134566204012,0.0,0.0,0.0,0,-10
0.05493701483923896,-0.13411522021503278,1.0052006513240523,0.0,0.0,0.0,2,-10
0.11247740982561272,-0.13610166146519648,1.0052860547380367,0.0,0.0,0.0,4,-10
0.17013366490794524,-0.13844683634471566,1.0053763842417882,0.0,0.0,0.0,6,-10
0.22790299874437325,-0.1396738628103015,1.0054518438903715,0.0,0.0,0.0,8,-10
0.2853663705413785,-0.14054370231825142,1.0055222039762222,0.0,0.0,0.0,10,-10
0.3400150104610917,-0.14228212886164024,1.0056013293946127,0.0,0.0,0.0,12,-10
0.40603815725694226,-0.14419670058203443,1.0056944352942159,0.0,0.0,0.0,14,-10
-0.4391065243814981,-0.11946634629519398,1.0044996304897684,0.0,0.0,0.0,-14,-10
-0.35663745415210646,-0.12219511172645722,1.0046204487458557,0.0,0.0,0.0,-12,-10
-0.2843344719125783,-0.12454431672486671,1.0047257948368207,0.0,0.0,0.0,-10,-10
-0.2233288802416029,-0.12596901171007277,1.0048072096755478,0.0,0.0,0.0,-8,-10
-0.1643594435452227,-0.12803890921998293,1.0048951914246027,0.0,0.0,0.0,-6,-10
-0.10593489697338898,-0.13013920202719598,1.0049830238896214,0.0,0.0,0.0,-4,-10
-0.058610391774760684,-0.13194024327350806,1.005055506391666,0.0,0.0,0.0,-2,-10
-0.007491241869798992,-0.1328379407337687,1.005119758796944,0.0,0.0,0.0,0,-10
0.055466105207933714,-0.13419378714349162,1.0052022447742395,0.0,0.0,0.0,2,-10
0.11254856114835454,-0.13633993854656679,1.0052893208019253,0.0,0.0,0.0,4,-10
0.1697388348461728,-0.1385365015993086,1.0053771825869546,0.0,0.0,0.0,6,-10
0.22916937195905418,-0.13946330255519426,1.0054503156535999,0.0,0.0,0.0,8,-10
0.2853880770619701,-0.1411479945300124,1.005530324846605,0.0,0.0,0.0,10,-10
0.3397510101965415,-0.142688950972504,1.0056065119121054,0.0,0.0,0.0,12,-10
0.40442373915456997,-0.14375267074939138,1.0056868351951647,0.0,0.0,0.0,14,-10
-0.44111584948160043,-0.11913549370483355,1.0044931437638405,0.0,0.0,0.0,-14,-10
-0.3534891033355074,-0.1223824258143515,1.0046261753637087,0.0,0.0,0.0,-12,-10
-0.28149833605473884,-0.12475746790090779,1.0047315487744104,0.0,0.0,0.0,-10,-10
-0.22260103748784965,-0.1256401729148707,1.0048035461317768,0.0,0.0,0.0,-8,-10
-0.16413739808715977,-0.12795339260569522,1.0048942721687097,0.0,0.0,0.0,-6,-10
-0.10709393108170895,-0.1298756892357077,1.004978308275556,0.0,0.0,0.0,-4,-10
-0.057083269860594976,-0.13193329571258366,1.0050569733342376,0.0,0.0,0.0,-2,-10
-0.007852810873033245,-0.13294634973512828,1.0051208423232372,0.0,0.0,0.0,0,-10
0.0554013456661504,-0.13455186528617946,1.0052069775646046,0.0,0.0,0.0,2,-10
0.11193361150299475,-0.13600496896008166,1.005284203344602,0.0,0.0,0.0,4,-10
0.1699564989281208,-0.13821225686343852,1.0053730594321573,0.0,0.0,0.0,6,-10
0.22844861394734672,-0.1394010086884791,1.0054487444933702,0.0,0.0,0.0,8,-10
0.28548827917194264,-0.14073735698344267,1.005524923864451,0.0,0.0,0.0,10,-10
0.33916718360785825,-0.14226922987399065,1.0056002904132157,0.0,0.0,0.0,12,-10
0.4063530055578144,-0.14361444862376466,1.0056869536187134,0.0,0.0,0.0,14,-10
-0.4386950245726734,-0.08160986294032488,1.0039927000556317,0.0,0.0,0.0,-14,-15
-0.35422885746795285,-0.08466530867194,1.0041199366288929,0.0,0.0,0.0,-12,-15
-0.2804826861767048,-0.08707565648633875,1.0042275764636268,0.0,0.0,0.0,-10,-15
-0.22321926555254956,-0.08962160826084337,1.004320195464156,0.0,0.0,0.0,-8,-15
-0.16276982142823326,-0.09221161290352134,1.0044166595874904,0.0,0.0,0.0,-6,-15
-0.10409324086014726,-0.09459494756311942,1.00450854283506,0.0,0.0,0.0,-4,-15
-0.05660951967878647,-0.09653455743505637,1.0045830450766895,0.0,0.0,0.0,-2,-15
-0.0065126509035216,-0.0976141170698397,1.0046486904642102,0.0,0.0,0.0,0,-15
0.05707251070307717,-0.09895943307857562,1.0047316766665702,0.0,0.0,0.0,2,-15
0.11377316888103661,-0.1014669325705639,1.0048232054333117,0.0,0.0,0.0,4,-15
0.1726690590611175,-0.10351602623908612,1.0049108332377572,0.0,0.0,0.0,6,-15
0.23103481360971245,-0.10461919451285705,1.0049852422268806,0.0,0.0,0.0,8,-15
0.2888286440501129,-0.10666411404318778,1.0050716882646726,0.0,0.0,0.0,10,-15
0.34243580385188666,-0.10823536127724623,1.0051475092147675,0.0,0.0,0.0,12,-15
0.40902415068480136,-0.11050994609711187,1.0052460173812454,0.0,0.0,0.0,14,-15
-0.44092050848666187,-0.08206502090003728,1.0039965265859325,0.0,0.0,0.0,-14,-15
-0.35372135149469275,-0.08461608854763503,1.0041197954331635,0.0,0.0,0.0,-12,-15
-0.28095903640896713,-0.08722394231937529,1.004229077160918,0.0,0.0,0.0,-10,-15
-0.22254971562572767,-0.08968955443063657,1.0043217900639265,0.0,0.0,0.0,-8,-15
-0.16435146520850552,-0.09261603696303135,1.0044204639086403,0.0,0.0,0.0,-6,-15
-0.10477025052835232,-0.0945114288247959,1.0045067319118528,0.0,0.0,0.0,-4,-15
-0.05553618605566468,-0.0964657135592814,1.004583218913778,0.0,0.0,0.0,-2,-15
-0.005555097168251422,-0.09740086163946418,1.0046468106278255,0.0,0.0,0.0,0,-15
0.0572524318851062,-0.09901354435933507,1.0047325856644906,0.0,0.0,0.0,2,-15
0.11416325196823562,-0.10127848068923333,1.004821078305084,0.0,0.0,0.0,4,-15
0.17270159831180965,-0.10335146548162871,1.0049086610431746,0.0,0.0,0.0,6,-15
0.231032054416362,-0.10500708517912219,1.004990437900635,0.0,0.0,0.0,8,-15
0.2896847864098453,-0.1066364724356305,1.0050721924177468,0.0,0.0,0.0,10,-15
0.3430789589016199,-0.10844237570863441,1.005150940636765,0.0,0.0,0.0,12,-15
0.4112296619234399,-0.11085959876653528,1.0052529564817323,0.0,0.0,0.0,14,-15
-0.4387841991037291,-0.08184777650271267,1.0039957974644638,0.0,0.0,0.0,-14,-15
-0.3533568154506743,-0.08440609273539679,1.0041173534762369,0.0,0.0,0.0,-12,-15
-0.2804787138233428,-0.08698142263151501,1.0042263176039556,0.0,0.0,0.0,-10,-15
-0.22305995562327519,-0.09023912128258686,1.004328634089962,0.0,0.0,0.0,-8,-15
-0.16551575376328176,-0.09233275845460936,1.0044154780276113,0.0,0.0,0.0,-6,-15
-0.10565071081430699,-0.0946594343697506,1.004507816028272,0.0,0.0,0.0,-4,-15
-0.0563987153017832,-0.09683702643499772,1.0045873141022441,0.0,0.0,0.0,-2,-15
-0.006710624025758394,-0.09725923951173007,1.00464373216958,0.0,0.0,0.0,0,-15
0.057914482865996764,-0.09891134114523213,1.0047318922695718,0.0,0.0,0.0,2,-15
0.11557643088776981,-0.10133064815871912,1.0048232211043975,0.0,0.0,0.0,4,-15
0.1715085201466393,-0.10333065894188424,1.0049071633886708,0.0,0.0,0.0,6,-15
0.23087551377540483,-0.10467864313334593,1.0049858762194461,0.0,0.0,0.0,8,-15
0.2900736180081198,-0.10695163089115393,1.005076813373068,0.0,0.0,0.0,10,-15
0.3430093931770317,-0.10812863690118134,1.0051466648581664,0.0,0.0,0.0,12,-15
0.40881951871161926,-0.11067219478283277,1.0052479827857443,0.0,0.0,0.0,14,-15
-0.4407248260878681,-0.08185968261754537,1.0039939745541195,0.0,0.0,0.0,-14,-15
-0.35335361740898785,-0.08504489254102819,1.0041259179081643,0.0,0.0,0.0,-12,-15
-0.28122345168883167,-0.08711796089128115,1.0042273866855584,0.0,0.0,0.0,-10,-15
-0.2229729643240591,-0.0901564874346168,1.0043276155022407,0.0,0.0,0.0,-8,-15
-0.16347658711809943,-0.09262443240696952,1.0044214701683387,0.0,0.0,0.0,-6,-15
-0.10487639350387812,-0.09458734771322899,1.0045076409413312,0.0,0.0,0.0,-4,-15
-0.05669802758039799,-0.09644221821992378,1.0045817171343496,0.0,0.0,0.0,-2,-15
-0.006064482422359685,-0.09773532119543413,1.0046507726691827,0.0,0.0,0.0,0,-15
0.05803587544276234,-0.09912024293668319,1.004734815971887,0.0,0.0,0.0,2,-15
0.1140239738530775,-0.10158409979122793,1.0048250319163299,0.0,0.0,0.0,4,-15
0.17378123292507164,-0.10368079423966126,1.004914177608024,0.0,0.0,0.0,6,-15
0.2317901191660432,-0.1050975837228619,1.0049924251698557,0.0,0.0,0.0,8,-15
0.28891776923057,-0.10676731666465311,1.0050731624284628,0.0,0.0,0.0,10,-15
0.342987622399503,-0.1085691695719909,1.005152546616029,0.0,0.0,0.0,12,-15
0.41035958955328944,-0.11116821184620426,1.005256203664696,0.0,0.0,0.0,14,-15
-0.438958792935338,-0.08152107417613425,1.0039912406564122,0.0,0.0,0.0,-14,-15
-0.3524501001255159,-0.08471858759515377,1.0041224677857767,0.0,0.0,0.0,-12,-15
-0.282063957089577,-0.08697899961044403,1.0042246657025784,0.0,0.0,0.0,-10,-15
-0.22191262285797075,-0.09008832672263668,1.0043277852227324,0.0,0.0,0.0,-8,-15
-0.16399355897677137,-0.09251076898738982,1.0044194187364688,0.0,0.0,0.0,-6,-15
-0.10531771553746916,-0.09449497165653964,1.0045059520828685,0.0,0.0,0.0,-4,-15
-0.05710236361797005,-0.09672767752414155,1.0045851297911847,0.0,0.0,0.0,-2,-15
-0.005350318252308028,-0.09730153679001399,1.0046456886757293,0.0,0.0,0.0,0,-15
0.0576801990695206,-0.09902057661831007,1.0047331169022422,0.0,0.0,0.0,2,-15
0.1148014969353095,-0.10121829400610907,1.004820923694358,0.0,0.0,0.0,4,-15
0.1725242436691139,-0.10361985448777129,1.004912076800802,0.0,0.0,0.0,6,-15
0.29009256248913107,-0.10678611324565,1.0050746144663834,0.0,0.0,0.0,10,-15
0.3430249939848855,-0.10825575129587023,1.0051483843765305,0.0,0.0,0.0,12,-15
0.4107275401413082,-0.1107473084465797,1.0052509386223891,0.0,0.0,0.0,14,-15
-0.44059440448087195,-0.050289404135540845,1.0035710044022483,0.0,0.0,0.0,-14,-20
-0.3539834349571178,-0.05383077862539724,1.003706944423751,0.0,0.0,0.0,-12,-20
-0.28220257778863744,-0.05579212203426953,1.0038065590275425,0.0,0.0,0.0,-10,-20
-0.2225880922688952,-0.05817841973850741,1.0038994401160517,0.0,0.0,0.0,-8,-20
-0.16194739968783955,-0.06054798962461971,1.0039931453557802,0.0,0.0,0.0,-6,-20
-0.10454623792227302,-0.06281289036977034,1.0040821384350989,0.0,0.0,0.0,-4,-20
-0.056206210000814494,-0.06468983315905313,1.0041566755879592,0.0,0.0,0.0,-2,-20
-0.004187782902161485,-0.06571241059427117,1.004223520298393,0.0,0.0,0.0,0,-20
0.058193268965266665,-0.06708308118237731,1.0043056162259305,0.0,0.0,0.0,2,-20
0.1164691660577375,-0.06919517926189678,1.0043934550496294,0.0,0.0,0.0,4,-20
0.1741163747693557,-0.07186891682729661,1.0044881786935782,0.0,0.0,0.0,6,-20
0.23393932789293093,-0.07304471506032018,1.0045650496882548,0.0,0.0,0.0,8,-20
0.2920865947123157,-0.07548351174930926,1.0046571355072236,0.0,0.0,0.0,10,-20
0.34599229367542894,-0.07711963112348727,1.0047341308476803,0.0,0.0,0.0,12,-20
0.4135183070747921,-0.07965611080030223,1.0048371068035304,0.0,0.0,0.0,14,-20
-0.43955595789487767,-0.04977396944761882,1.0035651574109403,0.0,0.0,0.0,-14,-20
-0.35260336076673093,-0.05305956509700189,1.0036980184910798,0.0,0.0,0.0,-12,-20
-0.2815638868735595,-0.05510838358659177,1.0037980480609883,0.0,0.0,0.0,-10,-20
-0.22098562566113744,-0.05784894512854692,1.0038966615357563,0.0,0.0,0.0,-8,-20
-0.16410881722756487,-0.06006964464184206,1.003984526571524,0.0,0.0,0.0,-6,-20
-0.10352933716176027,-0.06247902169333258,1.0040787027724796,0.0,0.0,0.0,-4,-20
-0.05622868391097724,-0.06441429469950205,1.0041529598759484,0.0,0.0,0.0,-2,-20
-0.00434656525189947,-0.06520146085163932,1.004216510367593,0.0,0.0,0.0,0,-20
0.05724532255281645,-0.06675401152589612,1.0043002376615324,0.0,0.0,0.0,2,-20
0.11627885281951911,-0.06912016313102512,1.0043922552697369,0.0,0.0,0.0,4,-20
0.1743191370387509,-0.07161833338102525,1.0044850275207542,0.0,0.0,0.0,6,-20
0.23369685106617188,-0.07313444314105355,1.0045660045140627,0.0,0.0,0.0,8,-20
0.29124992450850384,-0.07531230945173814,1.004653986349556,0.0,0.0,0.0,10,-20
0.345571777305014,-0.07725905810653974,1.0047355698569693,0.0,0.0,0.0,12,-20
0.413088518571991,-0.07959969178242934,1.0048359116218541,0.0,0.0,0.0,14,-20
-0.4392914167824037,-0.049959264888619695,1.0035679109775129,0.0,0.0,0.0,-14,-20
-0.3547933068504362,-0.0529516317572824,1.003694334802479,0.0,0.0,0.0,-12,-20
-0.2801066448237006,-0.054910382956539404,1.0037968831325366,0.0,0.0,0.0,-10,-20
-0.22282077882604212,-0.057585819770987354,1.0038912604148709,0.0,0.0,0.0,-8,-20
-0.16344829083147305,-0.05988254592054024,1.0039826938535528,0.0,0.0,0.0,-6,-20
-0.10455133166610564,-0.062373640984390175,1.0040762464319273,0.0,0.0,0.0,-4,-20
-0.05562675143223428,-0.06438173732791799,1.004153138456408,0.0,0.0,0.0,-2,-20
-0.0039030373482871195,-0.06525389226549229,1.0042176661432716,0.0,0.0,0.0,0,-20
0.05884830058628254,-0.06662561092197736,1.004300154388054,0.0,0.0,0.0,2,-20
0.1163482636756199,-0.06896529838312823,1.0043902506873392,0.0,0.0,0.0,4,-20
0.17588370664423802,-0.07156711490916448,1.0044859394018917,0.0,0.0,0.0,6,-20
0.23324364987661372,-0.07296429752498418,1.0045632612563031,0.0,0.0,0.0,8,-20
0.291552204023962,-0.07549704678114175,1.0046567709885543,0.0,0.0,0.0,10,-20
0.34546142236335586,-0.07691954687049543,1.0047309070086823,0.0,0.0,0.0,12,-20
0.4125338643035459,-0.07961206201240961,1.0048355107920122,0.0,0.0,0.0,14,-20
-0.4394239395957106,-0.049502120717761076,1.0035616489722619,0.0,0.0,0.0,-14,-20
-0.3525693845047623,-0.05356715128847018,1.003704855846263,0.0,0.0,0.0,-12,-20
-0.2825518763676669,-0.05504460655016455,1.003796184029206,0.0,0.0,0.0,-10,-20
-0.22091713139487468,-0.057553550803975104,1.0038927726462323,0.0,0.0,0.0,-8,-20
-0.16183744516855536,-0.06025641823081144,1.003989350055315,0.0,0.0,0.0,-6,-20
-0.10414825360043112,-0.062413681756818454,1.0040771948266962,0.0,0.0,0.0,-4,-20
-0.05474957579079809,-0.0643803070608151,1.0041540153794857,0.0,0.0,0.0,-2,-20
-0.0044624883934596404,-0.06539250669222249,1.0042189523319944,0.0,0.0,0.0,0,-20
0.058056025321958415,-0.06682476503496422,1.004302014081857,0.0,0.0,0.0,2,-20
0.1164979011866154,-0.06924439756857359,1.0043941440258444,0.0,0.0,0.0,4,-20
0.17475154268798132,-0.07170630502478897,1.004486648242821,0.0,0.0,0.0,6,-20
0.2343087040775058,-0.07308641835222654,1.004565985935388,0.0,0.0,0.0,8,-20
0.29185773115670366,-0.07562940257815591,1.0046588569303718,0.0,0.0,0.0,10,-20
0.3454108451001052,-0.07731106952081825,1.0047361025088757,0.0,0.0,0.0,12,-20
0.41527934388618615,-0.07993683679518941,1.0048426680926965,0.0,0.0,0.0,14,-20
-0.4394347828770966,-0.05005125263660484,1.0035689973352755,0.0,0.0,0.0,-14,-20
-0.3527451448119888,-0.05316830138472284,1.0036993309281488,0.0,0.0,0.0,-12,-20
-0.2811108646147471,-0.05534218384294072,1.0038016442324509,0.0,0.0,0.0,-10,-20
-0.22031406731410375,-0.057598981650016826,1.0038939975771173,0.0,0.0,0.0,-8,-20
-0.16413290105140177,-0.06019347647660388,1.0039861615567653,0.0,0.0,0.0,-6,-20
-0.10339691070194823,-0.06234008661838725,1.0040769760533093,0.0,0.0,0.0,-4,-20
-0.05618100824266581,-0.0642985170699018,1.004151456933375,0.0,0.0,0.0,-2,-20
-0.004850309134249553,-0.06510718428210018,1.0042147322706052,0.0,0.0,0.0,0,-20
0.058556885103234535,-0.06696890226892349,1.004304457462827,0.0,0.0,0.0,2,-20
0.1152405800620262,-0.06907275711681941,1.0043905592740294,0.0,0.0,0.0,4,-20
0.1747680492752366,-0.07192702067095216,1.0044896231260627,0.0,0.0,0.0,6,-20
0.23458996228033735,-0.07338876537734043,1.0045703252993656,0.0,0.0,0.0,8,-20
0.29131853203505376,-0.07565793599849432,1.0046586885072746,0.0,0.0,0.0,10,-20
0.3458112849635824,-0.07741852277554605,1.0047379516674653,0.0,0.0,0.0,12,-20
0.4126601261841931,-0.0797861007105271,1.0048379722350993,0.0,0.0,0.0,14,-20
-0.4413876644934902,-0.016947155738974422,1.0031233427926989,0.0,0.0,0.0,-14,-25
-0.35378897147702904,-0.02014137293524476,1.0032556392517014,0.0,0.0,0.0,-12,-25
-0.28400050346072947,-0.02178630004942704,1.0033489779052824,0.0,0.0,0.0,-10,-25
-0.22257228168481624,-0.023963894749415533,1.003440914814432,0.0,0.0,0.0,-8,-25
-0.16361462364606527,-0.02644554751958244,1.0035344028554423,0.0,0.0,0.0,-6,-25
-0.10376635293306302,-0.029185426629965337,1.0036322614519526,0.0,0.0,0.0,-4,-25
-0.05470927633547562,-0.030967786384397806,1.003706263518868,0.0,0.0,0.0,-2,-25
-0.00461421845187715,-0.03192469693906509,1.003770263319249,0.0,0.0,0.0,0,-25
0.05957890824919687,-0.033486306596710105,1.0038567693544354,0.0,0.0,0.0,2,-25
0.11746998265103747,-0.035741828767179726,1.0039461372198695,0.0,0.0,0.0,4,-25
0.1765985075551586,-0.03870218466751546,1.0040462153692087,0.0,0.0,0.0,6,-25
0.2348987456560836,-0.03971761049362823,1.0041193815089058,0.0,0.0,0.0,8,-25
0.29278367404410055,-0.04176643023932004,1.0042059728796249,0.0,0.0,0.0,10,-25
0.34762999694992436,-0.043406337504299924,1.004283979893195,0.0,0.0,0.0,12,-25
0.41530659291548333,-0.04584425974002755,1.0043857888166554,0.0,0.0,0.0,14,-25
-0.44124236680606554,-0.015676878873376023,1.0031064670329002,0.0,0.0,0.0,-14,-25
-0.3553552519944079,-0.018669821040325586,1.0032343175259906,0.0,0.0,0.0,-12,-25
-0.2818474228170279,-0.021305708471070436,1.0033447365502148,0.0,0.0,0.0,-10,-25
-0.22210522942010702,-0.024011617583329217,1.0034420315175947,0.0,0.0,0.0,-8,-25
-0.16410031511268985,-0.026748188668959734,1.0035379626727434,0.0,0.0,0.0,-6,-25
-0.1054494878119766,-0.028710757884275087,1.003624180533015,0.0,0.0,0.0,-4,-25
-0.0554927874921024,-0.0308338472415338,1.0037036680656384,0.0,0.0,0.0,-2,-25
-0.004394423981428863,-0.031184987467593038,1.0037605743019533,0.0,0.0,0.0,0,-25
0.059474716083287804,-0.03315506151267756,1.003852223584401,0.0,0.0,0.0,2,-25
0.11696704030849281,-0.03579954544284081,1.0039463969480227,0.0,0.0,0.0,4,-25
0.17605898734017078,-0.03845842524837248,1.0040423973622785,0.0,0.0,0.0,6,-25
0.23473590414117873,-0.03959196390951307,1.0041175312461983,0.0,0.0,0.0,8,-25
0.29300588994480137,-0.04127472085095967,1.0041996100214148,0.0,0.0,0.0,10,-25
0.3468674704587893,-0.043309317525726185,1.0042819006660553,0.0,0.0,0.0,12,-25
0.41536600280013825,-0.04555306846152642,1.004381946975876,0.0,0.0,0.0,14,-25
-0.4434093977597815,-0.015031717276444964,1.0030956068457701,0.0,0.0,0.0,-14,-25
-0.3548111235582646,-0.01853040761878685,1.0032330049761442,0.0,0.0,0.0,-12,-25
-0.28287625895627244,-0.021094359263402578,1.0033408530356607,0.0,0.0,0.0,-10,-25
-0.22391612315470677,-0.023382382376382852,1.0034317485923152,0.0,0.0,0.0,-8,-25
-0.16180490558023242,-0.026235608257174952,1.0035334380029688,0.0,0.0,0.0,-6,-25
-0.10550465851299495,-0.028226815569435657,1.003617638400468,0.0,0.0,0.0,-4,-25
-0.05533505295717911,-0.0304840222306498,1.003699140863305,0.0,0.0,0.0,-2,-25
-0.00395432767093129,-0.03097932766288391,1.0037582676456773,0.0,0.0,0.0,0,-25
0.05993197428885688,-0.032685727991495855,1.003846400717372,0.0,0.0,0.0,2,-25
0.11787207934888189,-0.035500212622263695,1.0039433098593613,0.0,0.0,0.0,4,-25
0.17609656509460936,-0.03824413483974216,1.0040395638404083,0.0,0.0,0.0,6,-25
0.23468733878634662,-0.03918367025457119,1.0041120097012166,0.0,0.0,0.0,8,-25
0.2922935288020221,-0.040115472983496464,1.0041833461132523,0.0,0.0,0.0,10,-25
0.34715679889022644,-0.043142141550852664,1.00427995574915,0.0,0.0,0.0,12,-25
0.41433971115713564,-0.04524834859669065,1.0043768147115368,0.0,0.0,0.0,14,-25
-0.44271833368617997,-0.015328245356888684,1.0031002868676335,0.0,0.0,0.0,-14,-25
-0.3520380567475907,-0.01888015209683136,1.0032405251016407,0.0,0.0,0.0,-12,-25
-0.2817962578354005,-0.020863623671207546,1.0033388640188659,0.0,0.0,0.0,-10,-25
-0.22581306697086756,-0.023467267380976646,1.0034309483667874,0.0,0.0,0.0,-8,-25
-0.16410912972343783,-0.026076847414684266,1.003528956384166,0.0,0.0,0.0,-6,-25
-0.10577104994098219,-0.028163494768408456,1.0036165176420615,0.0,0.0,0.0,-4,-25
-0.05520265687831094,-0.030200405181960478,1.0036954750920977,0.0,0.0,0.0,-2,-25
-0.004647227971517509,-0.030822912336852946,1.0037554635325283,0.0,0.0,0.0,0,-25
0.05896981752239472,-0.03256073799549624,1.0038437427021836,0.0,0.0,0.0,2,-25
0.1173751601302444,-0.035435476345233086,1.0039419346318168,0.0,0.0,0.0,4,-25
0.17618994355698891,-0.037620368586164146,1.004031299546561,0.0,0.0,0.0,6,-25
0.23505736453871395,-0.03926341268773667,1.0041134564107053,0.0,0.0,0.0,8,-25
0.29391564464458475,-0.04139516886006206,1.0042021536330206,0.0,0.0,0.0,10,-25
0.3485176966508676,-0.04316863877782216,1.0042817011085083,0.0,0.0,0.0,12,-25
0.41743479340898193,-0.04555074140660237,1.0043840291917325,0.0,0.0,0.0,14,-25
-0.44180988922301645,-0.014914761658951288,1.0030956734131466,0.0,0.0,0.0,-14,-25
-0.35530412273894607,-0.018118386631071827,1.003226979459828,0.0,0.0,0.0,-12,-25
-0.28352221729486704,-0.02038106409216703,1.0033306335992822,0.0,0.0,0.0,-10,-25
-0.2233164486135174,-0.02323589446319868,1.0034303979743908,0.0,0.0,0.0,-8,-25
-0.16439569005212817,-0.02598397297007082,1.0035274189453876,0.0,0.0,0.0,-6,-25
-0.10415539514120153,-0.02784698964129292,1.0036139263507526,0.0,0.0,0.0,-4,-25
-0.05582523054426636,-0.029980118740112766,1.0036918868244513,0.0,0.0,0.0,-2,-25
-0.004175087292819013,-0.03094942339436191,1.003757641349897,0.0,0.0,0.0,0,-25
0.05895938743921181,-0.03309104961329502,1.003850839258517,0.0,0.0,0.0,2,-25
0.11711392994201475,-0.03532599369568333,1.0039402004870286,0.0,0.0,0.0,4,-25
0.17582906998856895,-0.038091079589426605,1.0040372393376586,0.0,0.0,0.0,6,-25
0.23562335486310038,-0.03936305973122689,1.0041153700712846,0.0,0.0,0.0,8,-25
0.293865993324284,-0.04146085212271884,1.0042029831949908,0.0,0.0,0.0,10,-25
0.34715940082516217,-0.042689213337281255,1.0042738882845987,0.0,0.0,0.0,12,-25
0.4130745308560282,-0.04524460213810842,1.0043754720384588,0.0,0.0,0.0,14,-25
