x_c,y_c,z_c,theta_neck_pan_cmd_tminus1,theta_lower_tilt_cmd_tminus1,theta_upper_tilt_cmd_tminus1,theta_left_pan_cmd_tminus1,theta_tilt_cmd_tminus1
-0.39836682820782965,-0.29006578999016985,1.006827614427928,0.0,0.0,0.0,-14,15
-0.3301930717868783,-0.2906898704733208,1.006905622211059,0.0,0.0,0.0,-12,15
-0.2641201934927909,-0.29167327915876795,1.006986299511436,0.0,0.0,0.0,-10,15
-0.2229584017461197,-0.29342844414296376,1.007051871573007,0.0,0.0,0.0,-8,15
-0.17641876635436704,-0.2954221348635005,1.0071261341591444,0.0,0.0,0.0,-6,15
-0.10950343597210399,-0.29461116726308256,1.0071836239321168,0.0,0.0,0.0,-4,15
-0.056606066944600575,-0.2964626116975549,1.0072624749748798,0.0,0.0,0.0,-2,15
-0.009579807386242756,-0.29768929939299243,1.007326955340532,0.0,0.0,0.0,0,15
0.05028943023047128,-0.2978286737917374,1.007389983514367,0.0,0.0,0.0,2,15
0.10076697321235595,-0.29860085831609895,1.0074518983583647,0.0,0.0,0.0,4,15
0.15514890996808406,-0.29921066323410733,1.0075156255883944,0.0,0.0,0.0,6,15
0.2102183065130021,-0.29941858015402245,1.0075746690188743,0.0,0.0,0.0,8,15
0.2683056087247975,-0.29982068658539024,1.0076393979531828,0.0,0.0,0.0,10,15
0.31572087587409947,-0.3002454100757503,1.0076935278286385,0.0,0.0,0.0,12,15
0.3771251762775121,-0.3004982352671968,1.0077596446302253,0.0,0.0,0.0,14,15
-0.3966708391981768,-0.29001804120222036,1.0068287070629969,0.0,0.0,0.0,-14,15
-0.3270422358782138,-0.29049007719683334,1.0069061633729206,0.0,0.0,0.0,-12,15
-0.2633787053230967,-0.2915390046146371,1.00698525744827,0.0,0.0,0.0,-10,15
-0.21918136762351614,-0.29327656182397244,1.0070536945370985,0.0,0.0,0.0,-8,15
-0.17613759570880738,-0.29534533166997184,1.0071253920802958,0.0,0.0,0.0,-6,15
-0.11022542994096185,-0.29483911667711116,1.0071859413360615,0.0,0.0,0.0,-4,15
-0.05668744351930999,-0.29664154907711493,1.0072647899538008,0.0,0.0,0.0,-2,15
-0.007974541200276075,-0.29769292836049954,1.0073286438586495,0.0,0.0,0.0,0,15
0.04995361752882199,-0.2979666621506782,1.00739148977354,0.0,0.0,0.0,2,15
0.10146488812335952,-0.29859092422073996,1.0074524781871474,0.0,0.0,0.0,4,15
0.15520635912830305,-0.299335715478623,1.007517360220708,0.0,0.0,0.0,6,15
0.2119211413537232,-0.299603384093688,1.0075788853081085,0.0,0.0,0.0,8,15
0.2672624676942774,-0.29987912271244316,1.0076391154756148,0.0,0.0,0.0,10,15
0.3161259768825653,-0.3004263144023332,1.0076963661366949,0.0,0.0,0.0,12,15
0.37837216535178175,-0.3005108631814937,1.007761087748644,0.0,0.0,0.0,14,15
-0.3974621543526303,-0.2899081923525174,1.0068264264944553,0.0,0.0,0.0,-14,15
-0.33029405359581787,-0.2904424580559217,1.0069022032420627,0.0,0.0,0.0,-12,15
-0.2624707534554933,-0.29156068518159545,1.0069864755415565,0.0,0.0,0.0,-10,15
-0.21865433026021586,-0.2934229572150042,1.0070561949238703,0.0,0.0,0.0,-8,15
-0.17380837259093918,-0.29525365855600794,1.0071265429330678,0.0,0.0,0.0,-6,15
-0.10988215050417538,-0.2948869725275042,1.0071869333799839,0.0,0.0,0.0,-4,15
-0.057233813363251396,-0.2964782193639329,1.0072620428646657,0.0,0.0,0.0,-2,15
-0.007769072778571751,-0.2975207931674656,1.0073265468101311,0.0,0.0,0.0,0,15
0.05003155704418849,-0.297818586621972,1.0073895848925134,0.0,0.0,0.0,2,15
0.10130848984147534,-0.2986783740056031,1.0074534904141228,0.0,0.0,0.0,4,15
0.1548872167058324,-0.29941797487897254,1.0075181366327661,0.0,0.0,0.0,6,15
0.2105754005599687,-0.2995574943494998,1.0075768955349653,0.0,0.0,0.0,8,15
0.2690308819185967,-0.2997661955574289,1.0076394085803013,0.0,0.0,0.0,10,15
0.3145665458378142,-0.3004004459064708,1.0076944263890162,0.0,0.0,0.0,12,15
0.37904080410322805,-0.30047368127069807,1.0077612724960034,0.0,0.0,0.0,14,15
-0.3969208576737582,-0.2900384207103277,1.006828724778219,0.0,0.0,0.0,-14,15
-0.3274980288150169,-0.2904269182381546,1.0069048512976697,0.0,0.0,0.0,-12,15
-0.26611770226917897,-0.29204163809522105,1.0069891956566093,0.0,0.0,0.0,-10,15
-0.21927436478065265,-0.2932578739463518,1.0070533490804527,0.0,0.0,0.0,-8,15
-0.17425193319352017,-0.2953321638425064,1.0071271419314793,0.0,0.0,0.0,-6,15
-0.1097539793789779,-0.2948452588871646,1.0071865052708047,0.0,0.0,0.0,-4,15
-0.0556558235163368,-0.29647638854983827,1.007263630346509,0.0,0.0,0.0,-2,15
-0.007712986950243028,-0.2976322075205716,1.0073280972753347,0.0,0.0,0.0,0,15
0.05083866644335244,-0.2979053675994579,1.0073915724413565,0.0,0.0,0.0,2,15
0.10069646113236419,-0.2986796832338916,1.0074528827335678,0.0,0.0,0.0,4,15
0.15561577978553043,-0.2991369436596606,1.0075151145397359,0.0,0.0,0.0,6,15
0.2105313025684068,-0.29941401820619457,1.007574927625507,0.0,0.0,0.0,8,15
0.2686935307805345,-0.2997806055486912,1.0076392570763968,0.0,0.0,0.0,10,15
0.3168667743415019,-0.300466428081544,1.0076976605106829,0.0,0.0,0.0,12,15
0.37990525033253064,-0.30067201674596267,1.0077648136662414,0.0,0.0,0.0,14,15
-0.39770905329281114,-0.2899498286471592,1.0068267322789364,0.0,0.0,0.0,-14,15
-0.3289710155993929,-0.29042149154867475,1.0069032738185009,0.0,0.0,0.0,-12,15
-0.2638151147050629,-0.291531543702238,1.0069847116371637,0.0,0.0,0.0,-10,15
-0.22002876112520486,-0.29335291888792137,1.0070538522037995,0.0,0.0,0.0,-8,15
-0.17519717530936907,-0.2953782015153675,1.007126793300463,0.0,0.0,0.0,-6,15
-0.1092163624632898,-0.2946466941844774,1.0071843933263354,0.0,0.0,0.0,-4,15
-0.05697216418682283,-0.29647995476422095,1.0072623334139152,0.0,0.0,0.0,-2,15
-0.008837084138465956,-0.2977447872137795,1.007328457725359,0.0,0.0,0.0,0,15
0.05080118065023109,-0.297784445085482,1.0073899135493634,0.0,0.0,0.0,2,15
0.10057504093137881,-0.29869470378157664,1.0074529599996802,0.0,0.0,0.0,4,15
0.15608059448190303,-0.2992485911758973,1.0075170856726614,0.0,0.0,0.0,6,15
0.21067918495484195,-0.29946336649010746,1.0075757400602734,0.0,0.0,0.0,8,15
0.26686996215018355,-0.2997762054248596,1.0076373352132622,0.0,0.0,0.0,10,15
0.31634512007392024,-0.30037833661800895,1.0076959470095816,0.0,0.0,0.0,12,15
0.3789119452575671,-0.3005828009591938,1.007762603275316,0.0,0.0,0.0,14,15
-0.3956392446077682,-0.2600256021813863,1.0064278036475844,0.0,0.0,0.0,-14,10
-0.3302842750367838,-0.26073764862275106,1.0065041107739126,0.0,0.0,0.0,-12,10
-0.26600407769029144,-0.2613752275919075,1.0065783219415896,0.0,0.0,0.0,-10,10
-0.21901452504497998,-0.2628521905944026,1.0066461189866471,0.0,0.0,0.0,-8,10
-0.17348010273882464,-0.26521357651760386,1.0067242825166287,0.0,0.0,0.0,-6,10
-0.10814737834305244,-0.2653308922839334,1.0067925963655686,0.0,0.0,0.0,-4,10
-0.05518224704621122,-0.2665716143508973,1.0068633317594393,0.0,0.0,0.0,-2,10
-0.007468842245930363,-0.26840578908399504,1.0069366556009212,0.0,0.0,0.0,0,10
0.050540887242996435,-0.26856436000088035,1.0069980414381936,0.0,0.0,0.0,2,10
0.10138252396374048,-0.26941407642439846,1.0070613673062732,0.0,0.0,0.0,4,10
0.15608877634689922,-0.2698205898879872,1.0071227013431163,0.0,0.0,0.0,6,10
0.2108916073274203,-0.27020263232169023,1.007183806081631,0.0,0.0,0.0,8,10
0.2682317089908399,-0.2706484184389861,1.0072483570955175,0.0,0.0,0.0,10,10
0.31600447156171274,-0.2713879770311448,1.0073070715807992,0.0,0.0,0.0,12,10
0.3783654255049307,-0.27179686056482266,1.0073762571521874,0.0,0.0,0.0,14,10
-0.3962698710613489,-0.2600511401268183,1.0064275016803617,0.0,0.0,0.0,-14,10
-0.33008165173192117,-0.2608267868261841,1.0065055123926834,0.0,0.0,0.0,-12,10
-0.26410595873114506,-0.2612589619700003,1.0065787028060458,0.0,0.0,0.0,-10,10
-0.22069827438394973,-0.2627368047573729,1.0066428525326265,0.0,0.0,0.0,-8,10
-0.17254242111319784,-0.26512439247658576,1.0067240451785222,0.0,0.0,0.0,-6,10
-0.10704479307139758,-0.2651608464029451,1.0067914437805918,0.0,0.0,0.0,-4,10
-0.05573893592054735,-0.2664430738324301,1.0068610403718994,0.0,0.0,0.0,-2,10
-0.007016860765489463,-0.2683107626471808,1.0069358437893003,0.0,0.0,0.0,0,10
0.05035773237652519,-0.26863610194044485,1.00699881581579,0.0,0.0,0.0,2,10
0.10077975793166738,-0.26935608402360345,1.0070599743304989,0.0,0.0,0.0,4,10
0.15513550435373857,-0.27000606313093756,1.007124213218009,0.0,0.0,0.0,6,10
0.21120077228409362,-0.2703813997610661,1.0071865177463657,0.0,0.0,0.0,8,10
0.2677906849318068,-0.27064384055626817,1.0072478452084492,0.0,0.0,0.0,10,10
0.31619926566853085,-0.2713471418941855,1.0073067233049504,0.0,0.0,0.0,12,10
0.3793751343488294,-0.27179273470940424,1.0073772333403255,0.0,0.0,0.0,14,10
-0.3959502539415398,-0.25997015537309404,1.0064267428359917,0.0,0.0,0.0,-14,10
-0.32739180146613067,-0.260593444444214,1.0065051330044688,0.0,0.0,0.0,-12,10
-0.26400539336396567,-0.26141721276325636,1.0065809264097307,0.0,0.0,0.0,-10,10
-0.21890249489382152,-0.26282261291159165,1.006645837033954,0.0,0.0,0.0,-8,10
-0.17088130674596902,-0.2647252997788835,1.0067203934923585,0.0,0.0,0.0,-6,10
-0.1089807543809842,-0.2654448304720818,1.0067932720124697,0.0,0.0,0.0,-4,10
-0.057752318005699466,-0.2664206524016011,1.0068586830813797,0.0,0.0,0.0,-2,10
-0.007200829724023805,-0.2681980070259846,1.0069341447076257,0.0,0.0,0.0,0,10
0.0516135114826779,-0.26842612165264346,1.0069972845291484,0.0,0.0,0.0,2,10
0.10083478252784284,-0.2692016946771701,1.0070579614229176,0.0,0.0,0.0,4,10
0.15427700323985616,-0.2699195243612376,1.0071221764152747,0.0,0.0,0.0,6,10
0.21215678128703508,-0.2703607067716328,1.0071872170447054,0.0,0.0,0.0,8,10
0.2678433982943411,-0.27067188704669204,1.0072482749362908,0.0,0.0,0.0,10,10
0.31648778115850185,-0.27136889193678,1.0073073095351646,0.0,0.0,0.0,12,10
0.37794631041721427,-0.27180177557650276,1.007375894869869,0.0,0.0,0.0,14,10
-0.39629901684613544,-0.2599509132603158,1.0064261286703178,0.0,0.0,0.0,-14,10
-0.32999098805353355,-0.26044469388454305,1.0065004842198582,0.0,0.0,0.0,-12,10
-0.26656407239224567,-0.2601496156164142,1.0065613242769145,0.0,0.0,0.0,-10,10
-0.22173230740545768,-0.2612134400111931,1.0066213801386419,0.0,0.0,0.0,-8,10
-0.16997865142753377,-0.2647281056310458,1.0067213532168395,0.0,0.0,0.0,-6,10
-0.10742369382807126,-0.2653849091042895,1.0067940595868246,0.0,0.0,0.0,-4,10
-0.05705488383579049,-0.2665463306081521,1.0068610798887403,0.0,0.0,0.0,-2,10
-0.007413683590667519,-0.2682895234532187,1.0069351537625322,0.0,0.0,0.0,0,10
0.05091739480840629,-0.2684569352640579,1.0069969863636714,0.0,0.0,0.0,2,10
0.10090302510684857,-0.26938773671967203,1.0070605244638053,0.0,0.0,0.0,4,10
0.15414076747368477,-0.26987815512964763,1.007121482813165,0.0,0.0,0.0,6,10
0.20962883405088362,-0.2704144750365381,1.0071853551834364,0.0,0.0,0.0,8,10
0.26710230536243973,-0.2707684505978996,1.0072488120022658,0.0,0.0,0.0,10,10
0.31599325803639156,-0.27134474369208933,1.0073064807142855,0.0,0.0,0.0,12,10
0.3787705281124276,-0.2719108879759267,1.0073781991806046,0.0,0.0,0.0,14,10
-0.39851374630069825,-0.2597419109943943,1.0064210651429157,0.0,0.0,0.0,-14,10
-0.3286503335769232,-0.26069014582103994,1.0065051433201067,0.0,0.0,0.0,-12,10
-0.26543809705296195,-0.2613727890017428,1.0065788674454166,0.0,0.0,0.0,-10,10
-0.21943570985404304,-0.2627650467298303,1.0066445208212493,0.0,0.0,0.0,-8,10
-0.16990236885416798,-0.26465698617415684,1.0067204780047914,0.0,0.0,0.0,-6,10
-0.10823461689060332,-0.2651702934257666,1.0067903549074333,0.0,0.0,0.0,-4,10
-0.05561183544811732,-0.2663886640245789,1.00686044101554,0.0,0.0,0.0,-2,10
-0.00772819703910943,-0.2682093930188718,1.006933758562466,0.0,0.0,0.0,0,10
0.05128496056020038,-0.26858634559990574,1.0069990962070046,0.0,0.0,0.0,2,10
0.10162245621893073,-0.26934160076424557,1.0070606410971497,0.0,0.0,0.0,4,10
0.15446696615148903,-0.2698882267440764,1.0071219510254399,0.0,0.0,0.0,6,10
0.2111380311809663,-0.27042966256573087,1.0071871004681214,0.0,0.0,0.0,8,10
0.26754544799051216,-0.27072389722395773,1.0072486675988002,0.0,0.0,0.0,10,10
0.31704095489858375,-0.27131477839532764,1.0073071494106562,0.0,0.0,0.0,12,10
0.3779639666287469,-0.27179095313182083,1.0073757678649329,0.0,0.0,0.0,14,10
-0.39699221355375836,-0.22651436391089616,1.0059773054649526,0.0,0.0,0.0,-14,5
-0.32816540770128944,-0.2279185607097498,1.0060664354623028,0.0,0.0,0.0,-12,5
-0.26381673961596686,-0.229355301744258,1.006151426909629,0.0,0.0,0.0,-10,5
-0.21987609750105186,-0.2310043071733946,1.0062184150005846,0.0,0.0,0.0,-8,5
-0.1629845593785043,-0.23301392866187098,1.0063034662259274,0.0,0.0,0.0,-6,5
-0.1067958074147376,-0.23449091459609717,1.0063806611532926,0.0,0.0,0.0,-4,5
-0.05500561527376324,-0.235439153378246,1.006446276423879,0.0,0.0,0.0,-2,5
-0.0069028323717574835,-0.2372291095311647,1.0065194054248565,0.0,0.0,0.0,0,5
0.053452008557315356,-0.23671159271645498,1.0065741260486543,0.0,0.0,0.0,2,5
0.10231709962302804,-0.23783687491280536,1.0066391258674763,0.0,0.0,0.0,4,5
0.15721941053609978,-0.23856834690793371,1.0067050152696848,0.0,0.0,0.0,6,5
0.21168139723081825,-0.23905939974342796,1.0067672327660673,0.0,0.0,0.0,8,5
0.2664985510557083,-0.2393972118197445,1.0068277593631227,0.0,0.0,0.0,10,5
0.3168958019672512,-0.24009573507370036,1.0068886049787176,0.0,0.0,0.0,12,5
0.3778585096875071,-0.24079427087368124,1.0069602440575114,0.0,0.0,0.0,14,5
-0.39639269692765344,-0.22723315433112462,1.0059875511051968,0.0,0.0,0.0,-14,5
-0.3305974586786101,-0.22795593655930813,1.0060644518748636,0.0,0.0,0.0,-12,5
-0.2657874899845173,-0.22885864135681003,1.0061427574419848,0.0,0.0,0.0,-10,5
-0.22011344014508505,-0.23128118076230214,1.006221883186581,0.0,0.0,0.0,-8,5
-0.1638235186126593,-0.23317068153474038,1.0063047099696225,0.0,0.0,0.0,-6,5
-0.10633987827552549,-0.23425967973903639,1.006378027915624,0.0,0.0,0.0,-4,5
-0.054876215040037035,-0.23558439419695149,1.006448355125172,0.0,0.0,0.0,-2,5
-0.006393867398415409,-0.2371337011481979,1.006518646706722,0.0,0.0,0.0,0,5
0.052639041697128075,-0.23698902302834057,1.006577013658591,0.0,0.0,0.0,2,5
0.10318994951390481,-0.23764053244613664,1.0066373861673987,0.0,0.0,0.0,4,5
0.1556263679381964,-0.2386790557911051,1.0067048715892422,0.0,0.0,0.0,6,5
0.21276276533111882,-0.23894825185776508,1.0067668478545433,0.0,0.0,0.0,8,5
0.26806254120306416,-0.2394450070233498,1.0068299976289237,0.0,0.0,0.0,10,5
0.31728003637004587,-0.24021864424793524,1.0068906447218904,0.0,0.0,0.0,12,5
0.3803679573042984,-0.24062104385940355,1.0069604860396917,0.0,0.0,0.0,14,5
-0.39659249174071065,-0.22630473868192866,1.0059749044190962,0.0,0.0,0.0,-14,5
-0.3292620589386287,-0.22710413000123975,1.0060544002003728,0.0,0.0,0.0,-12,5
-0.2647354355666639,-0.22912929356634326,1.0061474594515463,0.0,0.0,0.0,-10,5
-0.2229044351468631,-0.23061613475095305,1.0062101190899766,0.0,0.0,0.0,-8,5
-0.1628232446529433,-0.23292304766284994,1.0063024130364455,0.0,0.0,0.0,-6,5
-0.10757226497530625,-0.23431790077827203,1.0063775492288116,0.0,0.0,0.0,-4,5
-0.054843647634829185,-0.23571613625229607,1.006450153995699,0.0,0.0,0.0,-2,5
-0.005745737701590592,-0.23700916362564448,1.006517639766964,0.0,0.0,0.0,0,5
0.05270414794900247,-0.23671902304998402,1.0065734616418245,0.0,0.0,0.0,2,5
0.10264796772408524,-0.23754552299407217,1.006635559185867,0.0,0.0,0.0,4,5
0.1572602777838874,-0.2385147038513301,1.0067043380964933,0.0,0.0,0.0,6,5
0.21115471227755345,-0.23876962205008234,1.0067628111364393,0.0,0.0,0.0,8,5
0.2688761537753439,-0.23944247800366644,1.0068307948927997,0.0,0.0,0.0,10,5
0.3172130669193862,-0.24005531574744463,1.006888387387406,0.0,0.0,0.0,12,5
0.3789453112214063,-0.2405722770560708,1.0069583791446282,0.0,0.0,0.0,14,5
-0.3968922177986838,-0.22673860059941026,1.0059804128266039,0.0,0.0,0.0,-14,5
-0.328958339664427,-0.2280153327992928,1.0060669223661876,0.0,0.0,0.0,-12,5
-0.26418248538361466,-0.22935180650111742,1.0061510064336714,0.0,0.0,0.0,-10,5
-0.21870550208880624,-0.23015194085265264,1.0062081874659383,0.0,0.0,0.0,-8,5
-0.16166645174438632,-0.23267092046332305,1.0063002157780967,0.0,0.0,0.0,-6,5
-0.10662676635920953,-0.2341240670274069,1.0063759173657802,0.0,0.0,0.0,-4,5
-0.05557824191130101,-0.23527424348827314,1.006443481334282,0.0,0.0,0.0,-2,5
-0.005483382570211637,-0.23705624225604574,1.0065185387252276,0.0,0.0,0.0,0,5
0.053430015900014505,-0.23664161249838886,1.0065731657101493,0.0,0.0,0.0,2,5
0.10262588016991625,-0.23789800153311677,1.006640260522793,0.0,0.0,0.0,4,5
0.15695670634965864,-0.23854279853913218,1.0067044045023916,0.0,0.0,0.0,6,5
0.2112733208773554,-0.23890104901434014,1.006764693680756,0.0,0.0,0.0,8,5
0.2674779357731465,-0.23943685955615707,1.0068292912248284,0.0,0.0,0.0,10,5
0.3182997990622234,-0.2401384611122459,1.0068906118645928,0.0,0.0,0.0,12,5
0.38031729860979513,-0.24058493669131145,1.0069599503820035,0.0,0.0,0.0,14,5
-0.3954299009914424,-0.2272715853569306,1.0059890497140949,0.0,0.0,0.0,-14,5
-0.32676356033798204,-0.22787078133581087,1.006067227202811,0.0,0.0,0.0,-12,5
-0.26413231364029466,-0.22947302552691193,1.0061526822590179,0.0,0.0,0.0,-10,5
-0.21887709261938504,-0.2302147579576874,1.006208854047037,0.0,0.0,0.0,-8,5
-0.16086141464363823,-0.23276130674692175,1.006302249528096,0.0,0.0,0.0,-6,5
-0.10576944991434412,-0.2341831699601877,1.006377585264504,0.0,0.0,0.0,-4,5
-0.055389506349962425,-0.23557128255279353,1.0064476550433805,0.0,0.0,0.0,-2,5
-0.006095126218516933,-0.23694576910868015,1.0065164332337446,0.0,0.0,0.0,0,5
0.05295508350623712,-0.23684845641007954,1.0065754526484672,0.0,0.0,0.0,2,5
0.10235072554461122,-0.23776635503471774,1.006638215114436,0.0,0.0,0.0,4,5
0.1563729391222135,-0.23847099597778476,1.0067028458519989,0.0,0.0,0.0,6,5
0.212250571005421,-0.23888932583810502,1.006765534891288,0.0,0.0,0.0,8,5
0.2684857955809514,-0.2392426320333922,1.0068277177904608,0.0,0.0,0.0,10,5
0.31697283990042635,-0.2400582735291362,1.0068881816200748,0.0,0.0,0.0,12,5
0.3781865219354943,-0.24066190542922158,1.0069588051877072,0.0,0.0,0.0,14,5
-0.39301629967037854,-0.1937151501958435,1.0055417935991404,0.0,0.0,0.0,-14,0
-0.32772617902431755,-0.19510988495919976,1.0056271838348643,0.0,0.0,0.0,-12,0
-0.2629783444104802,-0.19634814193443223,1.0057099229825066,0.0,0.0,0.0,-10,0
-0.21825701371487916,-0.1979290522068949,1.0057767959890775,0.0,0.0,0.0,-8,0
-0.1613487779528039,-0.20022476810575235,1.0058656984959544,0.0,0.0,0.0,-6,0
-0.10642967452987417,-0.20175483544182604,1.0059423077899572,0.0,0.0,0.0,-4,0
-0.054643002802659435,-0.20291129889242104,1.0060107100814177,0.0,0.0,0.0,-2,0
-0.00556710153521589,-0.20422850538363654,1.0060784974168115,0.0,0.0,0.0,0,0
0.054027764310953685,-0.2041299982552951,1.006138057225173,0.0,0.0,0.0,2,0
0.10448415743489958,-0.20508266905854314,1.0062023693318405,0.0,0.0,0.0,4,0
0.15802555125337792,-0.20615544476614572,1.0062714426058146,0.0,0.0,0.0,6,0
0.21245890162253356,-0.2065727234768505,1.0063326421309975,0.0,0.0,0.0,8,0
0.26892973023988676,-0.20721432320392158,1.006398929411224,0.0,0.0,0.0,10,0
0.3178294438827223,-0.2077717123107118,1.006456353722789,0.0,0.0,0.0,12,0
0.3778997607154986,-0.20858316301119123,1.0065285944469584,0.0,0.0,0.0,14,0
-0.3957498125678238,-0.1941043119543423,1.0055442166671114,0.0,0.0,0.0,-14,0
-0.32930522625051817,-0.19448278320767665,1.005617166348204,0.0,0.0,0.0,-12,0
-0.2640543681127884,-0.19685092765360696,1.0057155620654847,0.0,0.0,0.0,-10,0
-0.21809404884640127,-0.19855508229557192,1.0057853524939697,0.0,0.0,0.0,-8,0
-0.16043729213935976,-0.20010370017700324,1.005865007090775,0.0,0.0,0.0,-6,0
-0.10623624347666594,-0.20184736709730952,1.0059437454971347,0.0,0.0,0.0,-4,0
-0.05359079433174496,-0.202924750120313,1.0060119652529067,0.0,0.0,0.0,-2,0
-0.004594297493283106,-0.20416196520760865,1.0060785994305295,0.0,0.0,0.0,0,0
0.05543565609517609,-0.20407259965595712,1.006138726224041,0.0,0.0,0.0,2,0
0.10474341007106203,-0.2051126830236195,1.0062030364208636,0.0,0.0,0.0,4,0
0.15693876216787417,-0.20616054110052334,1.0062704006815555,0.0,0.0,0.0,6,0
0.2137047844863471,-0.20651632272991083,1.006333159000483,0.0,0.0,0.0,8,0
0.270028031646373,-0.20688221001515403,1.006395600431574,0.0,0.0,0.0,10,0
0.3178741533226326,-0.207579957149211,1.0064538295027163,0.0,0.0,0.0,12,0
0.3772609350488314,-0.20858688680761922,1.006527991751513,0.0,0.0,0.0,14,0
-0.39525107449228325,-0.19419289786433871,1.0055459133843938,0.0,0.0,0.0,-14,0
-0.3288060336853824,-0.19425177765736135,1.0056145803800716,0.0,0.0,0.0,-12,0
-0.2632084026128877,-0.1967474093806889,1.005715038926744,0.0,0.0,0.0,-10,0
-0.22066255827807435,-0.19790356703068124,1.005773997019141,0.0,0.0,0.0,-8,0
-0.1602038696231397,-0.19995005458904533,1.0058631863959826,0.0,0.0,0.0,-6,0
-0.10559593673695422,-0.20177161431546684,1.0059433843765202,0.0,0.0,0.0,-4,0
-0.05416945578511578,-0.20312586882477685,1.0060140694963473,0.0,0.0,0.0,-2,0
-0.004564479869287652,-0.20412003399421647,1.0060780679310062,0.0,0.0,0.0,0,0
0.054533260195147815,-0.2039180324267918,1.0061357328657425,0.0,0.0,0.0,2,0
0.10344334332845606,-0.20492140824559268,1.0061991448633285,0.0,0.0,0.0,4,0
0.15772691693792074,-0.20599942910287897,1.0062690466170405,0.0,0.0,0.0,6,0
0.21257512434486325,-0.2067117355126715,1.0063346238927584,0.0,0.0,0.0,8,0
0.26972901407751193,-0.207159150742238,1.0063990065124429,0.0,0.0,0.0,10,0
0.3174531648993075,-0.20796287764082208,1.0064585313183114,0.0,0.0,0.0,12,0
0.378844264450914,-0.20853930812746896,1.006528971577309,0.0,0.0,0.0,14,0
-0.39658027489496983,-0.1935810056509396,1.0055363549698804,0.0,0.0,0.0,-14,0
-0.3285359966955227,-0.1950191407465082,1.005625140404255,0.0,0.0,0.0,-12,0
-0.2631130186671662,-0.1966678519343502,1.0057140701424412,0.0,0.0,0.0,-10,0
-0.21946399781127202,-0.19786784157691467,1.0057747426350534,0.0,0.0,0.0,-8,0
-0.16025021896703617,-0.20006997633071708,1.0058647462326769,0.0,0.0,0.0,-6,0
-0.10734376784041277,-0.20186791872253357,1.0059428895215328,0.0,0.0,0.0,-4,0
-0.05352434490068092,-0.20316795356141837,1.0060152925363512,0.0,0.0,0.0,-2,0
-0.004748845720027761,-0.20388473833280193,1.0060747261680305,0.0,0.0,0.0,0,0
0.054144035555215186,-0.20399161621649248,1.0061363214141732,0.0,0.0,0.0,2,0
0.10321151800086836,-0.20511692399053777,1.006201528331625,0.0,0.0,0.0,4,0
0.1561462048591793,-0.2060924344001174,1.006268678270393,0.0,0.0,0.0,6,0
0.21292703399427415,-0.2067245859812676,1.0063351556125206,0.0,0.0,0.0,8,0
0.2688099702240605,-0.20714551332973874,1.0063978848819553,0.0,0.0,0.0,10,0
0.31705598502856835,-0.2080118239027443,1.0064587815489736,0.0,0.0,0.0,12,0
0.37814804880130937,-0.2088461171085985,1.0065323721876738,0.0,0.0,0.0,14,0
-0.39504810979078,-0.19412034103961257,1.005545148322768,0.0,0.0,0.0,-14,0
-0.32777550775977604,-0.19498774914565586,1.0056254965839584,0.0,0.0,0.0,-12,0
-0.2636063556093736,-0.19633264818441562,1.0057090737820842,0.0,0.0,0.0,-10,0
-0.21965746814043763,-0.1979608037015077,1.0057757908666607,0.0,0.0,0.0,-8,0
-0.1612338233527877,-0.20030821497679271,1.0058669342805242,0.0,0.0,0.0,-6,0
-0.10694718905546963,-0.20163011327238992,1.005940107594873,0.0,0.0,0.0,-4,0
-0.05605537621032075,-0.20289860851797564,1.0060090971751554,0.0,0.0,0.0,-2,0
-0.003948025042295189,-0.20413416257244738,1.0060788870298818,0.0,0.0,0.0,0,0
0.05414358798979979,-0.2038609286347886,1.006134569488139,0.0,0.0,0.0,2,0
0.1036474208793503,-0.20496029025265153,1.0061998744365273,0.0,0.0,0.0,4,0
0.15724567139247658,-0.20585136568958573,1.006266570654806,0.0,0.0,0.0,6,0
0.2136479757470049,-0.20685735529208432,1.0063376714690377,0.0,0.0,0.0,8,0
0.2697467361853174,-0.20710123807783823,1.0063982484739162,0.0,0.0,0.0,10,0
0.3172937675782661,-0.20813858112424455,1.0064607232534881,0.0,0.0,0.0,12,0
0.37948114961501234,-0.20853120098658967,1.0065295135450298,0.0,0.0,0.0,14,0
-0.3957959801092905,-0.15789788788887732,1.0050589327131956,0.0,0.0,0.0,-14,-5
-0.32763414675312386,-0.1592335349409981,1.0051464646978057,0.0,0.0,0.0,-12,-5
-0.26173918040606636,-0.16225858438636495,1.0052543222230104,0.0,0.0,0.0,-10,-5
-0.21245734586421305,-0.16490462317167842,1.005340128880363,0.0,0.0,0.0,-8,-5
-0.16149994940556678,-0.16644093798968895,1.0054127747638344,0.0,0.0,0.0,-6,-5
-0.10631144945142113,-0.1680744167980478,1.0054910451794392,0.0,0.0,0.0,-4,-5
-0.053322187732197435,-0.16869482128279573,1.005553491757058,0.0,0.0,0.0,-2,-5
-0.004203851557038396,-0.16989073995278345,1.0056196969487747,0.0,0.0,0.0,0,-5
0.05520469072637768,-0.16987485806604638,1.005680173755207,0.0,0.0,0.0,2,-5
0.10443376052662545,-0.1709012991003791,1.005744220737164,0.0,0.0,0.0,4,-5
0.15998833047275585,-0.17210703238561453,1.0058171324914948,0.0,0.0,0.0,6,-5
0.21382202499749625,-0.17272542778495165,1.0058804147859788,0.0,0.0,0.0,8,-5
0.27196313853244547,-0.17355872798815528,1.0059509775306519,0.0,0.0,0.0,10,-5
0.31833583664227705,-0.17458094176119635,1.006012049891282,0.0,0.0,0.0,12,-5
0.38161320927195375,-0.175271449298203,1.0060859459550544,0.0,0.0,0.0,14,-5
-0.3971586886733687,-0.15699431881422832,1.0050454310283727,0.0,0.0,0.0,-14,-5
-0.32643929404009664,-0.15922168250713048,1.0051475264710976,0.0,0.0,0.0,-12,-5
-0.2623901520716636,-0.16180931049327527,1.0052476360659357,0.0,0.0,0.0,-10,-5
-0.21246048297706266,-0.1647815588931442,1.0053384763739328,0.0,0.0,0.0,-8,-5
-0.1603109287278719,-0.16588808327189233,1.0054065800921868,0.0,0.0,0.0,-6,-5
-0.10568743214635645,-0.1674774409793017,1.005483682011515,0.0,0.0,0.0,-4,-5
-0.05351517257708305,-0.1682750423542516,1.0055476687531633,0.0,0.0,0.0,-2,-5
-0.003641140768017692,-0.16935582563323548,1.0056131028975839,0.0,0.0,0.0,0,-5
0.054032252987421536,-0.1697709949003794,1.0056775840652383,0.0,0.0,0.0,2,-5
0.10509972520808919,-0.17064198875311293,1.0057414257979405,0.0,0.0,0.0,4,-5
0.15851962130569497,-0.1715969910480731,1.0058087965604308,0.0,0.0,0.0,6,-5
0.21439791270451702,-0.17231346468034414,1.0058754819822529,0.0,0.0,0.0,8,-5
0.2723509689728236,-0.1727200915361666,1.0059401343581937,0.0,0.0,0.0,10,-5
0.31848786507488014,-0.1740650235781918,1.0060052908869237,0.0,0.0,0.0,12,-5
0.37931563290572723,-0.17496625355097506,1.006079508613685,0.0,0.0,0.0,14,-5
-0.39591725908254005,-0.15782499963150123,1.005057831973914,0.0,0.0,0.0,-14,-5
-0.3270353398610991,-0.15829072697879773,1.0051344409497143,0.0,0.0,0.0,-12,-5
-0.26399849287802024,-0.1614164294066854,1.0052407276683206,0.0,0.0,0.0,-10,-5
-0.2191072901677953,-0.16329474022599313,1.0053117599582304,0.0,0.0,0.0,-8,-5
-0.1621309477369861,-0.16564363755136924,1.0054014447754331,0.0,0.0,0.0,-6,-5
-0.10651366233220116,-0.16747818117220448,1.005482847884161,0.0,0.0,0.0,-4,-5
-0.05453797009693906,-0.16835770835964511,1.0055477317854917,0.0,0.0,0.0,-2,-5
-0.003794129325705331,-0.16934094720864848,1.0056127472099663,0.0,0.0,0.0,0,-5
0.055283646983328216,-0.16948314032875975,1.0056750046314382,0.0,0.0,0.0,2,-5
0.10542520971802127,-0.17025942417665899,1.005736631188901,0.0,0.0,0.0,4,-5
0.15819739339989702,-0.17155474860933603,1.0058079012526826,0.0,0.0,0.0,6,-5
0.21439694184020786,-0.17208185308127846,1.0058723769427056,0.0,0.0,0.0,8,-5
0.270542981609754,-0.17255775750402721,1.0059361117895242,0.0,0.0,0.0,10,-5
0.3173771033162256,-0.17384314098359885,1.0060011825121133,0.0,0.0,0.0,12,-5
0.38006479830064843,-0.1745576311899447,1.0060747975967728,0.0,0.0,0.0,14,-5
-0.39644677909653847,-0.1577005960042301,1.005055623783537,0.0,0.0,0.0,-14,-5
-0.33323555512401404,-0.1593080806122849,1.0051417415557298,0.0,0.0,0.0,-12,-5
-0.2663298498379494,-0.16168305149148737,1.0052419192935622,0.0,0.0,0.0,-10,-5
-0.21543458836908436,-0.16454829007316954,1.0053323118758548,0.0,0.0,0.0,-8,-5
-0.16190022062421838,-0.16596968601289225,1.0054060501641804,0.0,0.0,0.0,-6,-5
-0.10584766746988139,-0.16718115056579624,1.005479547450632,0.0,0.0,0.0,-4,-5
-0.053936668628294826,-0.1684313209140399,1.0055493326056832,0.0,0.0,0.0,-2,-5
-0.004743527980682893,-0.16942982048094132,1.0056129684134645,0.0,0.0,0.0,0,-5
0.05563142601568605,-0.1694649947401237,1.005675116723809,0.0,0.0,0.0,2,-5
0.1060889140076644,-0.17048455584351552,1.005740326409608,0.0,0.0,0.0,4,-5
0.15768212954028216,-0.1716466673170091,1.0058086067676348,0.0,0.0,0.0,6,-5
0.21499771012436786,-0.17212464365755087,1.005873564143515,0.0,0.0,0.0,8,-5
0.2716345028702929,-0.17265202277110725,1.0059384901875101,0.0,0.0,0.0,10,-5
0.3183658207509892,-0.17394378407493372,1.0060035413646662,0.0,0.0,0.0,12,-5
0.38120462201827543,-0.17480930220845695,1.0060793348833024,0.0,0.0,0.0,14,-5
-0.3969473720737582,-0.1579767754689109,1.005058813739732,0.0,0.0,0.0,-14,-5
-0.33390590966693046,-0.15851506666270454,1.0051304288097422,0.0,0.0,0.0,-12,-5
-0.26537604219252964,-0.16190252977178093,1.0052458351071232,0.0,0.0,0.0,-10,-5
-0.2207904150744895,-0.16320223374451737,1.0053088007701536,0.0,0.0,0.0,-8,-5
-0.1609590676743683,-0.16596367825814004,1.005406931096928,0.0,0.0,0.0,-6,-5
-0.10571967478571631,-0.16741193679315647,1.005482771189562,0.0,0.0,0.0,-4,-5
-0.05467091824753223,-0.16833338431389222,1.0055472699806713,0.0,0.0,0.0,-2,-5
-0.0035899779518200337,-0.1692121208953778,1.0056112292395665,0.0,0.0,0.0,0,-5
0.054156866771615686,-0.16947062068573288,1.0056736857651665,0.0,0.0,0.0,2,-5
0.10524458914856027,-0.17046479369333728,1.0057391990259428,0.0,0.0,0.0,4,-5
0.15999692587459657,-0.17152611753849367,1.0058093558788188,0.0,0.0,0.0,6,-5
0.214673594823519,-0.17230849996771455,1.0058756970724598,0.0,0.0,0.0,8,-5
0.2712367046466959,-0.17256518748144128,1.005936920048523,0.0,0.0,0.0,10,-5
0.3191803124343926,-0.17395790351648374,1.0060045626485044,0.0,0.0,0.0,12,-5
0.38015580091812406,-0.17471878341686198,1.00607705031637,0.0,0.0,0.0,14,-5
-0.39706281752105865,-0.12263504458976592,1.0045850475913456,0.0,0.0,0.0,-14,-10
-0.32815334829432974,-0.12401245481308915,1.0046739030422358,0.0,0.0,0.0,-12,-10
-0.262308655195979,-0.12654251051390195,1.0047750753272158,0.0,0.0,0.0,-10,-10
-0.21360377085854498,-0.12892216250983357,1.0048567224895406,0.0,0.0,0.0,-8,-10
-0.16283313298361168,-0.12920974304733088,1.004912442109043,0.0,0.0,0.0,-6,-10
-0.10447188063004387,-0.13250895931398657,1.0050162778306992,0.0,0.0,0.0,-4,-10
-0.05269222682616592,-0.13328601735031204,1.0050795881793984,0.0,0.0,0.0,-2,-10
-0.0019748728680941685,-0.13380211547748,1.0051383159479244,0.0,0.0,0.0,0,-10
0.055176261548515626,-0.1342074264539174,1.0052021314736574,0.0,0.0,0.0,2,-10
0.10818203842136076,-0.13525191979147372,1.0052702785414103,0.0,0.0,0.0,4,-10
0.1617994734192203,-0.13676941055982167,1.0053453895466575,0.0,0.0,0.0,6,-10
0.2161044706441657,-0.13794149758142996,1.0054165738562792,0.0,0.0,0.0,8,-10
0.27611215276167966,-0.13828474660019463,1.0054824757781542,0.0,0.0,0.0,10,-10
0.32086894801291677,-0.14023261675575016,1.005554302993132,0.0,0.0,0.0,12,-10
0.38355772808740385,-0.14100963166611802,1.0056287571394205,0.0,0.0,0.0,14,-10
-0.39600686213239467,-0.1222605908983278,1.0045811079070857,0.0,0.0,0.0,-14,-10
-0.3264448216539769,-0.12413106032094602,1.004677237957743,0.0,0.0,0.0,-12,-10
-0.26312554127795296,-0.1262538739046802,1.0047703725311878,0.0,0.0,0.0,-10,-10
-0.21237051682734986,-0.1289770762911866,1.0048587182899271,0.0,0.0,0.0,-8,-10
-0.1592168538371268,-0.12973325161496466,1.0049231524084326,0.0,0.0,0.0,-6,-10
-0.10431201227284614,-0.13253857869704935,1.0050168381041067,0.0,0.0,0.0,-4,-10
-0.05213559300628412,-0.13279110655081755,1.005073524045484,0.0,0.0,0.0,-2,-10
-0.0028829992008507777,-0.13389179817059196,1.0051385901615792,0.0,0.0,0.0,0,-10
0.05540880997309494,-0.13367810812933603,1.0051952751375939,0.0,0.0,0.0,2,-10
0.10689862383099369,-0.1353174447421419,1.0052698456129963,0.0,0.0,0.0,4,-10
0.1609688253529442,-0.1370596113617956,1.00534843024361,0.0,0.0,0.0,6,-10
0.21892342551952293,-0.13761619085799778,1.0054150938549693,0.0,0.0,0.0,8,-10
0.2754432768178121,-0.13830758178211144,1.0054820985143023,0.0,0.0,0.0,10,-10
0.32206101281568755,-0.13996079859717248,1.0055518778699901,0.0,0.0,0.0,12,-10
0.38490204009994566,-0.14107078293373873,1.0056309499871898,0.0,0.0,0.0,14,-10
-0.39733294171342026,-0.12203472780072673,1.004576726224729,0.0,0.0,0.0,-14,-10
-0.3257580343892552,-0.12383964809284992,1.0046740340622347,0.0,0.0,0.0,-12,-10
-0.26261423786065274,-0.12603961180810577,1.0047680233300498,0.0,0.0,0.0,-10,-10
-0.2123697345898401,-0.12870881985747987,1.0048551239289376,0.0,0.0,0.0,-8,-10
-0.1586154476160757,-0.12965477614295787,1.0049227150590656,0.0,0.0,0.0,-6,-10
-0.10464312669740428,-0.13212401215693018,1.0050109438481285,0.0,0.0,0.0,-4,-10
-0.0533966189679117,-0.13325958513624825,1.00507851435414,0.0,0.0,0.0,-2,-10
-0.002118474292816419,-0.13337978043608684,1.0051325091354721,0.0,0.0,0.0,0,-10
0.05588056865198299,-0.13423141472709094,1.005203172458463,0.0,0.0,0.0,2,-10
0.10748846728924732,-0.1353144155614362,1.0052704075791659,0.0,0.0,0.0,4,-10
0.16113870043721823,-0.13711570665203526,1.0053493555683954,0.0,0.0,0.0,6,-10
0.2172406415351471,-0.13797035988231196,1.0054181213392666,0.0,0.0,0.0,8,-10
0.2749605345772319,-0.13805714812522288,1.005478249061912,0.0,0.0,0.0,10,-10
0.3209370348610934,-0.139854055591902,1.0055492990893395,0.0,0.0,0.0,12,-10
0.3833437393479351,-0.1411488523573877,1.0056304043652822,0.0,0.0,0.0,14,-10
-0.3971989655422803,-0.1221468252435645,1.0045783654146738,0.0,0.0,0.0,-14,-10
-0.32617332686057954,-0.12374356514126095,1.0046723221150164,0.0,0.0,0.0,-12,-10
-0.26253723198286116,-0.12608469200900324,1.004768706159247,0.0,0.0,0.0,-10,-10
-0.21202422693452572,-0.1288141128058723,1.0048568880184123,0.0,0.0,0.0,-8,-10
-0.15794952006306373,-0.1293946753133802,1.004919909487906,0.0,0.0,0.0,-6,-10
-0.10550747742888467,-0.13225130250813497,1.0050117667974445,0.0,0.0,0.0,-4,-10
-0.052194458262506016,-0.13326577306553755,1.005079825369115,0.0,0.0,0.0,-2,-10
-0.0028931815556081375,-0.13389647079333367,1.0051386423819175,0.0,0.0,0.0,0,-10
0.05752343193723353,-0.13424647754347732,1.005205052620345,0.0,0.0,0.0,2,-10
0.10711489166280774,-0.1354497513579213,1.0052718397115605,0.0,0.0,0.0,4,-10
0.16072893971352809,-0.13718260842570615,1.005349833585829,0.0,0.0,0.0,6,-10
0.2182370329626231,-0.1377553905961481,1.0054162582090729,0.0,0.0,0.0,8,-10
0.2750755820547741,-0.13874814615850217,1.005487627313436,0.0,0.0,0.0,10,-10
0.32210197304268107,-0.14036662126508057,1.0055573585297914,0.0,0.0,0.0,12,-10
0.38586591008727034,-0.14105270938324813,1.005631692421629,0.0,0.0,0.0,14,-10
-0.39624967923149035,-0.12169119162226447,1.0045732287914781,0.0,0.0,0.0,-14,-10
-0.3256481873998832,-0.1236428869265837,1.0046715092941267,0.0,0.0,0.0,-12,-10
-0.2637122388516323,-0.12516209439965176,1.0047551412042768,0.0,0.0,0.0,-10,-10
-0.21198545027483484,-0.12839926140436891,1.0048513678123168,0.0,0.0,0.0,-8,-10
-0.15909819816833493,-0.12934238905533263,1.0049180353012224,0.0,0.0,0.0,-6,-10
-0.10486288972551139,-0.1320127334874313,1.0050092279945422,0.0,0.0,0.0,-4,-10
-0.05320768165008316,-0.13333355144173223,1.0050796986587307,0.0,0.0,0.0,-2,-10
-0.002999689247638271,-0.1340800944426509,1.0051409944929495,0.0,0.0,0.0,0,-10
0.056783737307677384,-0.1344838882958113,1.0052074787423346,0.0,0.0,0.0,2,-10
0.10721358509886825,-0.13536678151096693,1.0052708285752832,0.0,0.0,0.0,4,-10
0.1612278292786773,-0.13686313570323028,1.005346061675286,0.0,0.0,0.0,6,-10
0.21721221393805634,-0.13771614757815398,1.0054146853573116,0.0,0.0,0.0,8,-10
0.27380669996424745,-0.13811538229774897,1.0054778507971307,0.0,0.0,0.0,10,-10
0.32157108016505065,-0.1397233140847831,1.005548194615957,0.0,0.0,0.0,12,-10
0.3839299243102723,-0.140811270686534,1.0056264789373397,0.0,0.0,0.0,14,-10
-0.39717060260548365,-0.08475991058303295,1.004077336719065,0.0,0.0,0.0,-14,-15
-0.32230665278394866,-0.08791369525380437,1.004196081942356,0.0,0.0,0.0,-12,-15
-0.2570072572175429,-0.09091835772624479,1.0043030578283736,0.0,0.0,0.0,-10,-15
-0.2136005993204032,-0.0929552733192622,1.0043746991737905,0.0,0.0,0.0,-8,-15
-0.16032492306324753,-0.09399521648678258,1.0044430609799944,0.0,0.0,0.0,-6,-15
-0.10551558157602414,-0.09646892380691913,1.0045322047637475,0.0,0.0,0.0,-4,-15
-0.050653831301174956,-0.09793811283398368,1.0046079395795817,0.0,0.0,0.0,-2,-15
-0.001158046203527885,-0.0988984493205506,1.0046713730983674,0.0,0.0,0.0,0,-15
0.05831536592374187,-0.09917192619173937,1.0047357941459771,0.0,0.0,0.0,2,-15
0.11011588857485233,-0.10104247655948045,1.0048137807462947,0.0,0.0,0.0,4,-15
0.16376554600532245,-0.10226150948799984,1.0048849247509153,0.0,0.0,0.0,6,-15
0.22019881807441588,-0.10303945276165981,1.0049530009345,0.0,0.0,0.0,8,-15
0.27722889804981476,-0.10360962469658426,1.0050189022541238,0.0,0.0,0.0,10,-15
0.32499591115771387,-0.10589950449460206,1.0050983881977733,0.0,0.0,0.0,12,-15
0.38766903573956935,-0.1074259075554915,1.0051828696156808,0.0,0.0,0.0,14,-15
-0.3931563283575714,-0.08864816122867283,1.0041335477110245,0.0,0.0,0.0,-14,-15
-0.32842384331687235,-0.08959341758499753,1.0042123443975879,0.0,0.0,0.0,-12,-15
-0.26124453350380816,-0.09122227269038564,1.0043028022316032,0.0,0.0,0.0,-10,-15
-0.21113031757555378,-0.09251142134585075,1.004371274242547,0.0,0.0,0.0,-8,-15
-0.16138090128573723,-0.09449157667979258,1.004448634426123,0.0,0.0,0.0,-6,-15
-0.10479513653272243,-0.09634482453536121,1.0045312775721957,0.0,0.0,0.0,-4,-15
-0.050105364976732014,-0.09788435951438693,1.0046077794738213,0.0,0.0,0.0,-2,-15
0.00013881188681752477,-0.09851954028556614,1.0046676198014386,0.0,0.0,0.0,0,-15
0.058607652269453414,-0.0992920499056661,1.0047377026276756,0.0,0.0,0.0,2,-15
0.10926477113493571,-0.10051342480426999,1.0048058209482602,0.0,0.0,0.0,4,-15
0.16424528150939532,-0.1019714850983749,1.0048815279384349,0.0,0.0,0.0,6,-15
0.22088002898463532,-0.10344922698116023,1.0049591886101459,0.0,0.0,0.0,8,-15
0.27752103215054214,-0.1041966367703883,1.0050270677961133,0.0,0.0,0.0,10,-15
0.32606539661217804,-0.10600973274279471,1.0051009580198846,0.0,0.0,0.0,12,-15
0.3883940217877542,-0.10748728698822516,1.0051844328399213,0.0,0.0,0.0,14,-15
-0.3919846135646723,-0.08772419693011584,1.0041223617671697,0.0,0.0,0.0,-14,-15
-0.32647583259713986,-0.08857527111847431,1.0042006892650726,0.0,0.0,0.0,-12,-15
-0.261850316228213,-0.0902680907068396,1.0042893954834857,0.0,0.0,0.0,-10,-15
-0.2140817333159606,-0.09338131461194306,1.0043799174497532,0.0,0.0,0.0,-8,-15
-0.16083517762136146,-0.09451293924311478,1.004449478218085,0.0,0.0,0.0,-6,-15
-0.10726457740569617,-0.09524619098818644,1.0045140310441145,0.0,0.0,0.0,-4,-15
-0.05078026910386935,-0.09828150427385454,1.0046124125311284,0.0,0.0,0.0,-2,-15
-0.0008169336772512192,-0.09873270297066838,1.004669500242019,0.0,0.0,0.0,0,-15
0.05969357611838255,-0.09911355282606428,1.0047364197594157,0.0,0.0,0.0,2,-15
0.10940863422534197,-0.10072589356621481,1.0048088154100239,0.0,0.0,0.0,4,-15
0.16515100679125405,-0.10232952556277952,1.004887251636631,0.0,0.0,0.0,6,-15
0.2202007532807444,-0.10320307802300915,1.0049551958094873,0.0,0.0,0.0,8,-15
0.2778777327506099,-0.1039182913609501,1.0050237018166917,0.0,0.0,0.0,10,-15
0.32486904430097985,-0.10576050401334389,1.0050963957171966,0.0,0.0,0.0,12,-15
0.3872855253532481,-0.1076524750593669,1.005185514282125,0.0,0.0,0.0,14,-15
-0.3909747974917155,-0.08817840446099397,1.0041294806273149,0.0,0.0,0.0,-14,-15
-0.3236950466637548,-0.08937183957646867,1.004214205590094,0.0,0.0,0.0,-12,-15
-0.2592052787606286,-0.09040824514367155,1.0042939759028917,0.0,0.0,0.0,-10,-15
-0.21390146879903194,-0.09337430044126488,1.0043800075979896,0.0,0.0,0.0,-8,-15
-0.16149288326950018,-0.09474497053327281,1.0044519160018046,0.0,0.0,0.0,-6,-15
-0.10627358198470571,-0.09669131987463496,1.0045344109591074,0.0,0.0,0.0,-4,-15
-0.051162912066228694,-0.098061504386739,1.0046090732085518,0.0,0.0,0.0,-2,-15
-0.0006018762549009349,-0.09916443803554917,1.0046755060300505,0.0,0.0,0.0,0,-15
0.05774823235035198,-0.09946654045484507,1.0047391631889655,0.0,0.0,0.0,2,-15
0.10992392336395729,-0.10111489343264163,1.0048145551689849,0.0,0.0,0.0,4,-15
0.1634415794926034,-0.10239960871786487,1.0048864445976207,0.0,0.0,0.0,6,-15
0.22141438635527932,-0.10343854086231298,1.004959591275777,0.0,0.0,0.0,8,-15
0.27776889204714905,-0.10425890431242701,1.0050281555076388,0.0,0.0,0.0,10,-15
0.3265701221735091,-0.10591532969336939,1.00510020844435,0.0,0.0,0.0,12,-15
0.3887576011367153,-0.10794013577991023,1.0051908733178452,0.0,0.0,0.0,14,-15
-0.3905436131547163,-0.08771716519568927,1.004123739602985,0.0,0.0,0.0,-14,-15
-0.3212041963859984,-0.08909361145108317,1.0042130213539462,0.0,0.0,0.0,-12,-15
-0.2587763004914838,-0.09035258661870979,1.0042936681989094,0.0,0.0,0.0,-10,-15
-0.21509272273282498,-0.0925047738168413,1.004367137300437,0.0,0.0,0.0,-8,-15
-0.1623506776548398,-0.0945748678838057,1.0044487600018563,0.0,0.0,0.0,-6,-15
-0.10563680647202789,-0.09664145437092696,1.0045343931711999,0.0,0.0,0.0,-4,-15
-0.05443244222089716,-0.09827390616235732,1.00460857977138,0.0,0.0,0.0,-2,-15
-0.00121256757495658,-0.0988081568494864,1.0046701073058262,0.0,0.0,0.0,0,-15
0.05792535474935989,-0.09950715953534589,1.0047398885059158,0.0,0.0,0.0,2,-15
0.10999651111140785,-0.10062224369857099,1.004808026853504,0.0,0.0,0.0,4,-15
0.16503255520094728,-0.10215072736203064,1.0048847343856284,0.0,0.0,0.0,6,-15
0.27907231309542735,-0.1040664590670764,1.0050269078941245,0.0,0.0,0.0,10,-15
0.3248171954010475,-0.10546377543827741,1.0050923660078104,0.0,0.0,0.0,12,-15
0.38676929108373237,-0.10708311833322576,1.0051773564235087,0.0,0.0,0.0,14,-15
-0.39079926308786694,-0.05618303942889795,1.0037008595711412,0.0,0.0,0.0,-14,-20
-0.327592863236677,-0.057689195460789724,1.003785614414376,0.0,0.0,0.0,-12,-20
-0.26076084878704586,-0.05902986975916528,1.003871855278186,0.0,0.0,0.0,-10,-20
-0.21476592908340408,-0.060737447095489686,1.003941726924036,0.0,0.0,0.0,-8,-20
-0.16008793162077384,-0.06275730991094555,1.0040246541287174,0.0,0.0,0.0,-6,-20
-0.10535766260971458,-0.06307675821562272,1.0040848458569331,0.0,0.0,0.0,-4,-20
-0.05444401763967055,-0.06535812807640881,1.004167432238047,0.0,0.0,0.0,-2,-20
0.0006225486798203672,-0.06760427878710124,1.004253789090577,0.0,0.0,0.0,0,-20
0.060094851379352,-0.06758256881899798,1.0043142529247115,0.0,0.0,0.0,2,-20
0.11256893594972506,-0.0686748902198004,1.0043824978239622,0.0,0.0,0.0,4,-20
0.16628019199584765,-0.07036899572097693,1.0044600716557919,0.0,0.0,0.0,6,-20
0.22406536699501145,-0.07109688702298472,1.0045288581011798,0.0,0.0,0.0,8,-20
0.28092666917403,-0.07270631761425819,1.0046085150989936,0.0,0.0,0.0,10,-20
0.32811332271124094,-0.07414627179253758,1.004676017504795,0.0,0.0,0.0,12,-20
0.3915559399024644,-0.07579171758968745,1.0047628804141429,0.0,0.0,0.0,14,-20
-0.3892495293284425,-0.05553744387546811,1.0036937904828407,0.0,0.0,0.0,-14,-20
-0.3263174254058041,-0.05664898806281666,1.0037729765457433,0.0,0.0,0.0,-12,-20
-0.2577640333792185,-0.058300409476467654,1.0038651405258978,0.0,0.0,0.0,-10,-20
-0.2118810226097948,-0.06087094266235988,1.0039464631432289,0.0,0.0,0.0,-8,-20
-0.16168316809245487,-0.06245609439190154,1.0040189876156456,0.0,0.0,0.0,-6,-20
-0.10545096756814065,-0.06253232439143525,1.004077454063424,0.0,0.0,0.0,-4,-20
-0.053790944477958846,-0.06498922310941786,1.004163155347371,0.0,0.0,0.0,-2,-20
0.0006018074683973307,-0.06710880573457759,1.0042471275955687,0.0,0.0,0.0,0,-20
0.06078446506212942,-0.06719441412259734,1.0043097553785654,0.0,0.0,0.0,2,-20
0.11199978474983774,-0.06884552037882456,1.0043842031766892,0.0,0.0,0.0,4,-20
0.16709942483511697,-0.0705031506861528,1.004462706493463,0.0,0.0,0.0,6,-20
0.223168906610816,-0.07084631128378865,1.004524584104862,0.0,0.0,0.0,8,-20
0.27847641739560114,-0.07319617582586417,1.0046125770655774,0.0,0.0,0.0,10,-20
0.32723634450902583,-0.07432258631238045,1.0046774845739361,0.0,0.0,0.0,12,-20
0.39080031494864875,-0.07579255438134425,1.0047621197091963,0.0,0.0,0.0,14,-20
-0.38875814489044236,-0.0557602778072042,1.0036972788735756,0.0,0.0,0.0,-14,-20
-0.32376278572628225,-0.0567408629809123,1.0037768175781454,0.0,0.0,0.0,-12,-20
-0.2599193814664307,-0.058327914390383456,1.0038633073184795,0.0,0.0,0.0,-10,-20
-0.21151884301775203,-0.06110849483871793,1.0039500167961084,0.0,0.0,0.0,-8,-20
-0.1599986069232231,-0.060916805519732206,1.0040000790264492,0.0,0.0,0.0,-6,-20
-0.10559046826253204,-0.06264299761361715,1.0040787947917873,0.0,0.0,0.0,-4,-20
-0.05029960877655282,-0.0660430703303039,1.0041808455826422,0.0,0.0,0.0,-2,-20
0.0007071088378733936,-0.0668704168050929,1.0042440402904942,0.0,0.0,0.0,0,-20
0.05989709024532153,-0.06702956064010587,1.0043066395093887,0.0,0.0,0.0,2,-20
0.11164995507750053,-0.0685750014093415,1.0043802203206393,0.0,0.0,0.0,4,-20
0.16529419102408793,-0.07027217186628482,1.0044577667635106,0.0,0.0,0.0,6,-20
0.22377272692686456,-0.07108276584954835,1.0045283698991885,0.0,0.0,0.0,8,-20
0.2799256766884639,-0.07269398630426491,1.004607327257021,0.0,0.0,0.0,10,-20
0.32819347306107627,-0.07407157403800559,1.0046750982877535,0.0,0.0,0.0,12,-20
0.3913822275221335,-0.0758108463554267,1.0047629593185687,0.0,0.0,0.0,14,-20
-0.38835531960932157,-0.055372670609149126,1.0036924956921411,0.0,0.0,0.0,-14,-20
-0.3247163614540173,-0.05695282540338185,1.0037786841494902,0.0,0.0,0.0,-12,-20
-0.2580146475192908,-0.058335965680394855,1.0038653610299733,0.0,0.0,0.0,-10,-20
-0.20923321780331128,-0.06047131197651191,1.0039438122148479,0.0,0.0,0.0,-8,-20
-0.1595598982623344,-0.06280516706657863,1.0040258349281708,0.0,0.0,0.0,-6,-20
-0.10516786253270727,-0.06385271128288234,1.0040954390364212,0.0,0.0,0.0,-4,-20
-0.05301553116591562,-0.06486778449554567,1.0041623199674574,0.0,0.0,0.0,-2,-20
0.0009182095658897271,-0.06710295669422321,1.0042473724321397,0.0,0.0,0.0,0,-20
0.06025954052939264,-0.06721837505539759,1.0043095402576179,0.0,0.0,0.0,2,-20
0.11155216623334052,-0.0685919727904605,1.0043803478726834,0.0,0.0,0.0,4,-20
0.1669166626229186,-0.07042492152039195,1.004461471366488,0.0,0.0,0.0,6,-20
0.22377346397192333,-0.07132300755075419,1.0045315903600969,0.0,0.0,0.0,8,-20
0.28005225523499466,-0.07273402767128277,1.00460799319768,0.0,0.0,0.0,10,-20
0.3281349994315763,-0.07439670197685644,1.0046793959025024,0.0,0.0,0.0,12,-20
0.3914464074832569,-0.0759047347532019,1.0047642831704222,0.0,0.0,0.0,14,-20
-0.38919393162723936,-0.05579975846314466,1.0036973628072303,0.0,0.0,0.0,-14,-20
-0.32373850107589075,-0.05678074123774971,1.0037773768330016,0.0,0.0,0.0,-12,-20
-0.2576786980797229,-0.058532523487715,1.0038683384824574,0.0,0.0,0.0,-10,-20
-0.20966296287451924,-0.06035241770793321,1.003941779787171,0.0,0.0,0.0,-8,-20
-0.16122860017952811,-0.06272228621943426,1.0040230194764055,0.0,0.0,0.0,-6,-20
-0.1055545636487607,-0.06259611550236788,1.0040782031588165,0.0,0.0,0.0,-4,-20
-0.05245297202299504,-0.06482041816808683,1.0041622598565871,0.0,0.0,0.0,-2,-20
0.001122916873283808,-0.06706071696284202,1.0042470154589558,0.0,0.0,0.0,0,-20
0.06054969560211276,-0.06734231150738969,1.0043114976602197,0.0,0.0,0.0,2,-20
0.11190905548115859,-0.0686519316189951,1.0043815160234482,0.0,0.0,0.0,4,-20
0.1656570848984562,-0.07048931932579827,1.004461047683021,0.0,0.0,0.0,6,-20
0.22274951815144028,-0.0710416066605697,1.0045267730119671,0.0,0.0,0.0,8,-20
0.2817240822551976,-0.07286969479723363,1.0046115192811627,0.0,0.0,0.0,10,-20
0.3273580343336071,-0.07464013993616525,1.0046818647266507,0.0,0.0,0.0,12,-20
0.39137540170291074,-0.075887060248747,1.0047639737605647,0.0,0.0,0.0,14,-20
-0.38951887213389547,-0.0224213852250124,1.003249695472813,0.0,0.0,0.0,-14,-25
-0.32340751598705075,-0.023255281518903978,1.0033284083227632,0.0,0.0,0.0,-12,-25
-0.2595331203810819,-0.02456252038407042,1.0034111796882088,0.0,0.0,0.0,-10,-25
-0.2124194215979286,-0.026772116916976035,1.003488922276631,0.0,0.0,0.0,-8,-25
-0.16137934271022758,-0.02882086500121918,1.0035685202320421,0.0,0.0,0.0,-6,-25
-0.10490331173335643,-0.030388602508664878,1.003647224881746,0.0,0.0,0.0,-4,-25
-0.04909695145684745,-0.03224488202430111,1.00372911244608,0.0,0.0,0.0,-2,-25
0.002035273803256965,-0.033494128900337844,1.0037980896573961,0.0,0.0,0.0,0,-25
0.060777324016904055,-0.0333095350594394,1.0038556245295578,0.0,0.0,0.0,2,-25
0.11164896971953975,-0.03470082211135093,1.0039262391578117,0.0,0.0,0.0,4,-25
0.1677809329134754,-0.036697167680035045,1.0040103365051594,0.0,0.0,0.0,6,-25
0.2251422460560113,-0.03782026189642841,1.0040839864391968,0.0,0.0,0.0,8,-25
0.2827486501591969,-0.03874088808034466,1.0041551732824068,0.0,0.0,0.0,10,-25
0.32962398461272957,-0.04039010315592154,1.0042251621603944,0.0,0.0,0.0,12,-25
0.39452633087504574,-0.04184751554576501,1.0043109962621932,0.0,0.0,0.0,14,-25
-0.38843661472523616,-0.021032306203504658,1.0032321846968544,0.0,0.0,0.0,-14,-25
-0.31809313246308446,-0.022138721289380613,1.0033188732204061,0.0,0.0,0.0,-12,-25
-0.2564107968404645,-0.02416445909373453,1.0034090345442614,0.0,0.0,0.0,-10,-25
-0.21356117656888018,-0.027016005658067724,1.00349102448577,0.0,0.0,0.0,-8,-25
-0.16139659193728906,-0.029101760059951225,1.0035722671531984,0.0,0.0,0.0,-6,-25
-0.10499663209810683,-0.029813125285100255,1.0036394170303213,0.0,0.0,0.0,-4,-25
-0.05087373799111361,-0.03191931002128401,1.0037229340434672,0.0,0.0,0.0,-2,-25
0.0019468405009221978,-0.03273521831262666,1.0037878284331099,0.0,0.0,0.0,0,-25
0.06195483563609594,-0.03289558461898749,1.0038512796892505,0.0,0.0,0.0,2,-25
0.11280112673872988,-0.03469196650323494,1.0039272974780187,0.0,0.0,0.0,4,-25
0.1683326357862025,-0.03648454175354939,1.0040080505025435,0.0,0.0,0.0,6,-25
0.2243426618416744,-0.03778329448593948,1.0040826741768951,0.0,0.0,0.0,8,-25
0.2811285959427654,-0.03830042059986638,1.0041476151681779,0.0,0.0,0.0,10,-25
0.3292218411643266,-0.04043254426529763,1.0042253201386944,0.0,0.0,0.0,12,-25
0.3929637994580726,-0.04153338588635442,1.004305190084741,0.0,0.0,0.0,14,-25
-0.38773039352951344,-0.02044183438425852,1.0032249926717973,0.0,0.0,0.0,-14,-25
-0.3199069995573145,-0.021892170908622284,1.0033137159816727,0.0,0.0,0.0,-12,-25
-0.2588001982346809,-0.02381866832054996,1.003401959345081,0.0,0.0,0.0,-10,-25
-0.21003755816967096,-0.025915608212059564,1.0034798766142896,0.0,0.0,0.0,-8,-25
-0.16186823276546558,-0.02841110930345701,1.0035625292727717,0.0,0.0,0.0,-6,-25
-0.10415527511807332,-0.030125422109635,1.0036444619180407,0.0,0.0,0.0,-4,-25
-0.050993422261431665,-0.031521509291852615,1.0037174804716231,0.0,0.0,0.0,-2,-25
0.0023447068617401534,-0.032389435634375845,1.003783600716064,0.0,0.0,0.0,0,-25
0.06260663065365946,-0.032564679810870564,1.0038475107692082,0.0,0.0,0.0,2,-25
0.1121952537807307,-0.03442458093662962,1.0039230950509688,0.0,0.0,0.0,4,-25
0.1671464914716081,-0.036211256899222125,1.0040031762289292,0.0,0.0,0.0,6,-25
0.2255557858488606,-0.03716105635390863,1.0040755742551006,0.0,0.0,0.0,8,-25
0.2812275150361476,-0.036737289510235,1.004126767211133,0.0,0.0,0.0,10,-25
0.32940609876147464,-0.04013383740199676,1.0042215051143855,0.0,0.0,0.0,12,-25
0.39203007558217484,-0.04133394216286833,1.0043015632902321,0.0,0.0,0.0,14,-25
-0.38817618657982844,-0.02063849496978724,1.0032271729013746,0.0,0.0,0.0,-14,-25
-0.32150717800506123,-0.021882630484997292,1.0033119534359511,0.0,0.0,0.0,-12,-25
-0.2566964903156276,-0.023567078944191956,1.0034007366293234,0.0,0.0,0.0,-10,-25
-0.210773512589854,-0.025684533696938572,1.0034760279396453,0.0,0.0,0.0,-8,-25
-0.1613279723257337,-0.027901451819391694,1.003556250778022,0.0,0.0,0.0,-6,-25
-0.10356453701358659,-0.0300484746410028,1.0036440341487345,0.0,0.0,0.0,-4,-25
-0.05137700255705302,-0.030832116065263163,1.0037078494040625,0.0,0.0,0.0,-2,-25
0.00302035551319646,-0.03215611337311588,1.0037811639607452,0.0,0.0,0.0,0,-25
0.0618835289965598,-0.03221776937168237,1.0038421227968886,0.0,0.0,0.0,2,-25
0.11165627681539858,-0.03436160365264017,1.0039217004326673,0.0,0.0,0.0,4,-25
0.16688986524594163,-0.035557766604298546,1.003994156022533,0.0,0.0,0.0,6,-25
0.22398298036399988,-0.037084645348477746,1.0040729434762354,0.0,0.0,0.0,8,-25
0.28101801484919675,-0.03850504604336104,1.0041502445830244,0.0,0.0,0.0,10,-25
0.32926515843520643,-0.04005909078038269,1.0042203593840549,0.0,0.0,0.0,12,-25
0.3941877626752903,-0.041392145246164073,1.0043045475416397,0.0,0.0,0.0,14,-25
-0.38684725566344125,-0.020388174411534753,1.0032251757056163,0.0,0.0,0.0,-14,-25
-0.31947805689211684,-0.021847153263397555,1.003313550849888,0.0,0.0,0.0,-12,-25
-0.2580538800619656,-0.023515146705324556,1.0033986539747954,0.0,0.0,0.0,-10,-25
-0.21165092722757395,-0.02630397504599411,1.0034834333278428,0.0,0.0,0.0,-8,-25
-0.16249350855770428,-0.028627782665773774,1.003564794359453,0.0,0.0,0.0,-6,-25
-0.10342957573494727,-0.029857277745541276,1.003641609608587,0.0,0.0,0.0,-4,-25
-0.05117144215343139,-0.030814150970175522,1.0037078186299044,0.0,0.0,0.0,-2,-25
0.002229895874179988,-0.032260034473543336,1.0037817492009755,0.0,0.0,0.0,0,-25
0.06197981169224054,-0.03272991244437001,1.0038490848732167,0.0,0.0,0.0,2,-25
0.11229086466122973,-0.03425136895199087,1.0039208713447816,0.0,0.0,0.0,4,-25
0.1674459414340681,-0.036112366670034785,1.0040021568141688,0.0,0.0,0.0,6,-25
0.22498421397869484,-0.036931653543663304,1.0040719159119353,0.0,0.0,0.0,8,-25
0.2814985065276612,-0.03856193683662141,1.0041514978839738,0.0,0.0,0.0,10,-25
0.33023070351334094,-0.03987339083681772,1.0042188570086787,0.0,0.0,0.0,12,-25
0.3916891499819881,-0.04148137387985075,1.0043031908856896,0.0,0.0,0.0,14,-25
